"","Ensembl Gene ID","Gene Symbol","Assigned Tier","Possible Tiers","Pharos Protein Family","...6","...7","...8"
"1","ENSG00000213465.8","ARL2","T1","T1","Enzyme",0.000169767735711523,0.00136420468341177,0.0155763118380768
"2","ENSG00000188641.14","DPYD","T1","T1","Enzyme",1.11764659537898e-05,0.000143509613847708,0.000210315312834052
"3","ENSG00000167658.16","EEF2","T1","T1","Other",8.85374537358158e-07,5.86368248539566e-07,0.00142582598477564
"4","ENSG00000117525.14","F3","T1","T1","Other",9.72280084202535e-05,0.00085229545532662,0.00672101259056766
"5","ENSG00000159131.17","GART","T1","T1","Other",3.03962486721692e-06,5.67777530177682e-07,1.71144294403223e-05
"6","ENSG00000182054.10","IDH2","T1","T1","Enzyme",4.16535575048436e-06,0.0308421557448522,0.0276040148061288
"7","ENSG00000166963.13","MAP1A","T1","T1","Other",3.73646164134425e-08,1.23885371426351e-10,2.8728453340249e-07
"8","ENSG00000148229.13","POLE3","T1","T1","Enzyme",0.0011991507738905,0.000461791703824967,0.0233515034418794
"9","ENSG00000115350.12","POLE4","T1","T1","Enzyme",0.000305938030046093,0.0449210022157263,0.439241165592959
"10","ENSG00000126067.12","PSMB2","T1","T1","Enzyme",0.00138243522310916,0.0424913673895128,0.0456486546857532
"11","ENSG00000240065.8","PSMB9","T1","T1","Enzyme",0.000227863870128096,0.00678244208867157,0.000355194505551591
"12","ENSG00000100316.16","RPL3","T1","T1","Other",0.000429500047195777,2.67105407074501e-06,0.00929801906232928
"13","ENSG00000048392.12","RRM2B","T1","T1","Enzyme",0.00802646079428102,0.819413256081454,0.0216131636346105
"14","ENSG00000129214.15","SHBG","T1","T1","Other",0.000170255982432659,0.237124502108338,0.200725389519914
"15","ENSG00000082898.17","XPO1","T1","T1","Other",0.00295997543603409,0.00105166835585426,0.734046519019741
"16","ENSG00000113851.14","CRBN","T1","T1","Other",1.59247262015576e-06,8.33075951371229e-08,1.26741252593925e-05
"17","ENSG00000130816.16","DNMT1","T1","T1","Enzyme",4.63948952094828e-07,3.89991192011611e-07,0.000845468967054128
"18","ENSG00000047849.21","MAP4","T1","T1","Other",0.00334166198025525,0.0445263190712886,0.0174581978250844
"19","ENSG00000008018.9","PSMB1","T1","T1","Enzyme",0.000263266347261242,0.145451178296121,0.0300335364011774
"20","ENSG00000186716.21","BCR","T1","T1","Other",7.77951798453779e-05,4.00660994238408e-05,0.000594600387134392
"21","ENSG00000078018.20","MAP2","T1","T1","Other",0.000550539801577303,0.000176162731413916,0.00178798321281681
"22","ENSG00000101868.11","POLA1","T1","T1","Enzyme",1.81286403964204e-05,9.47001346237077e-06,0.00379183325569037
"23","ENSG00000146648.18","EGFR","T1","T1,T2,T3,T4,T5","Kinase",0.000174865189334164,0.000307671942465949,0.00151480705496317
"24","ENSG00000176890.16","TYMS","T1","T1,T4","Enzyme",6.4183280184282e-06,3.60095860271281e-05,0.0157280178640661
"25","ENSG00000102755.12","FLT1","T1","T1,T2,T3,T4,T5","Kinase",0.00237041925856636,0.0187268288533215,0.364275024072339
"26","ENSG00000157404.16","KIT","T1","T1,T3,T4,T5","Kinase",0.00540028926372518,0.00277922786706234,0.0298553286084295
"27","ENSG00000131747.15","TOP2A","T1","T1,T2,T3,T4","Enzyme",5.84466752951689e-05,7.60999612849279e-05,0.0117440635386575
"28","ENSG00000134853.12","PDGFRA","T1","T1,T2,T3,T4,T5","Kinase",0.000869836875235079,0.0597225450080838,0.396420205297855
"29","ENSG00000097007.19","ABL1","T1","T1,T3,T4","Kinase",0.00227661634764728,0.00404244372457506,0.0884098054337749
"30","ENSG00000171848.15","RRM2","T1","T1,T2","Other",3.35638440068634e-05,0.000147633866019048,0.00591763672788186
"31","ENSG00000157764.13","BRAF","T1","T1,T2,T3,T4","Kinase",2.95361330731052e-06,5.42434078352796e-07,1.13795992627963e-05
"32","ENSG00000116478.12","HDAC1","T1","T1,T3","Epigenetic",0.000724235817103984,0.000491106688806319,0.00385655182090326
"33","ENSG00000105976.15","MET","T1","T1,T3,T4","Kinase",0.00552598622710211,0.0262475236614249,0.0332098353079753
"34","ENSG00000068078.18","FGFR3","T1","T1,T3,T4","Kinase",3.49134371801486e-05,0.000147612349546529,0.00139192004750797
"35","ENSG00000167325.15","RRM1","T1","T1,T4","Enzyme",7.13695012373836e-10,9.07670459620425e-10,8.39755769125379e-05
"36","ENSG00000198900.6","TOP1","T1","T1,T2,T3,T4","Enzyme",0.000502633792196074,0.000280038959584131,0.0312962043238773
"37","ENSG00000010671.16","BTK","T1","T1,T3,T4","Kinase",0.000708839512152587,0.000996095349753778,0.000164900480319574
"38","ENSG00000135446.17","CDK4","T1","T1,T3,T4","Kinase",8.12730256910318e-10,0.000100284565757624,0.00246292646870458
"39","ENSG00000143799.13","PARP1","T1","T1,T3,T4","Enzyme",0.000420409214156594,0.000213506432885427,0.0117724514281271
"40","ENSG00000105810.10","CDK6","T1","T1,T4","Kinase",3.3334793170491e-08,0.000144853132621638,0.000532579191254536
"41","ENSG00000228716.7","DHFR","T1","T1,T2,T4","Enzyme",2.45983826471549e-06,1.02339973890418e-06,0.000136145432228141
"42","ENSG00000169032.10","MAP2K1","T1","T1,T2,T3,T4","Kinase",2.36880755737667e-07,7.61426818948287e-09,7.91731439823997e-06
"43","ENSG00000126934.14","MAP2K2","T1","T1,T2,T3,T4","Kinase",0.000703073438730943,0.00114936555570875,0.0101376880132741
"44","ENSG00000128602.11","SMO","T1","T1,T3","GPCR",0.000625188345183192,0.00277887687944881,0.00303228757506806
"45","ENSG00000186868.15","MAPT","T1","T1,T2","Other",2.02619846862116e-08,2.51045372896823e-08,2.22375100590706e-05
"46","ENSG00000096968.14","JAK2","T1","T1,T2,T3,T4","Kinase",0.00101462682188481,0.365841079625525,0.666624979225449
"47","ENSG00000196591.12","HDAC2","T1","T1,T2,T3","Epigenetic",1.94287872790024e-08,3.26075356355207e-06,0.0339483029913675
"48","ENSG00000198793.13","MTOR","T1","T1,T2,T3,T4","Kinase",0.000362529619017888,0.0142730254097909,0.00579217696092282
"49","ENSG00000121879.5","PIK3CA","T1","T1,T3,T4","Kinase",4.10434547611989e-05,5.79135452043894e-05,0.000173303001876429
"50","ENSG00000154229.12","PRKCA","T1","T1,T3,T4","Kinase",1.01408110451534e-07,1.29374369730708e-06,0.0333926029141502
"51","ENSG00000140538.16","NTRK3","T1","T1,T3,T4","Kinase",2.83208907043192e-06,1.98171548128918e-06,0.000288405688621362
"52","ENSG00000177606.7","JUN","T1","T1,T2","Transcription Factor",0.00499477697379726,0.0185224682605832,0.113727482689525
"53","ENSG00000167397.15","VKORC1","T1","T1,T2","Enzyme",0.00179134820234072,0.0188768585155847,0.00594627881302241
"54","ENSG00000189221.9","MAOA","T1","T1,T2,T3,T4","Enzyme",2.38342182356697e-07,4.76382472856125e-05,0.00672157967424882
"55","ENSG00000112715.24","VEGFA","T1","T1,T2,T3","Other",1.04803706645892e-06,1.36755985728829e-05,5.4088075316795e-05
"56","ENSG00000012779.11","ALOX5","T1","T1,T2,T3,T4","Enzyme",0.00500938079519454,0.0148075723538947,0.00163208440668527
"57","ENSG00000106348.18","IMPDH1","T1","T1,T2,T4","Enzyme",2.3215713221678e-10,6.40559741303307e-05,0.00317072901984631
"58","ENSG00000178035.12","IMPDH2","T1","T1,T2,T4","Enzyme",1.8979632469623e-05,1.80908821366682e-06,5.96062353396335e-05
"59","ENSG00000104365.15","IKBKB","T1","T1,T2,T3","Kinase",7.63029562735264e-08,1.22085220276421e-07,1.68404020290615e-06
"60","ENSG00000104687.14","GSR","T1","T1,T2,T4","Enzyme",6.51720966711754e-05,0.000237757757252819,0.0436757907931856
"61","ENSG00000127824.14","TUBA4A","T1","T1,T2,T4","Other",1.00552768267585e-08,1.17587894107284e-09,9.34617393526168e-06
"62","ENSG00000213923.13","CSNK1E","T1","T1,T3","Kinase",3.09486795936079e-05,8.50633356215603e-06,6.42094917863197e-05
"63","ENSG00000171720.10","HDAC3","T1","T1,T3","Epigenetic",3.53850374944213e-06,3.60533457915085e-06,0.00201543490345555
"64","ENSG00000133703.13","KRAS","T1","T1,T3","Enzyme",0.000318500954763269,0.00116851470051109,0.000491026662664101
"65","ENSG00000204264.12","PSMB8","T1","T1,T3","Enzyme",0.000178993103617591,0.000571516572324312,3.73484641686365e-05
"66","ENSG00000094631.21","HDAC6","T1","T1,T3","Epigenetic",1.40836337099156e-06,4.22675489884565e-07,0.00169307382140389
"67","ENSG00000185386.15","MAPK11","T1","T1,T3,T4","Kinase",0.00141312390321434,0.000919701345839216,0.0142097678360774
"68","ENSG00000102882.12","MAPK3","T1","T1,T3,T4","Kinase",0.000180407729480384,6.44819923649897e-05,0.00905341812470765
"69","ENSG00000178568.15","ERBB4","T1","T1,T3,T4","Kinase",1.57738679914437e-05,0.000141046655543463,0.00139618647433748
"70","ENSG00000066468.23","FGFR2","T1","T1,T3,T4,T5","Kinase",0.000496480015618942,0.000304081321759105,0.00887876738929612
"71","ENSG00000162733.19","DDR2","T1","T1,T3,T4,T5","Kinase",0.00808231802375165,0.014923714894818,0.000883623438378314
"72","ENSG00000165704.15","HPRT1","T1","T1,T4","Enzyme",1.76676081476812e-08,6.49452008722581e-10,3.86675680120168e-06
"73","ENSG00000077097.15","TOP2B","T1","T1,T4","Enzyme",2.00586964711752e-08,5.10923460557559e-08,0.00025299162273837
"74","ENSG00000258947.7","TUBB3","T1","T1,T4","Other",0.00014075324994009,0.000220404657256271,0.00169674992384895
"75","ENSG00000025708.14","TYMP","T1","T1,T4","Enzyme",0.00304325688029527,0.00829803497879075,0.000266314215871519
"76","ENSG00000165029.16","ABCA1","T2","T2","Transporter",0.00144112000956559,0.000859960268399526,0.000290705938342992
"77","ENSG00000131473.17","ACLY","T2","T2","Enzyme",0.00968649304794385,0.147898777660363,0.01637044879066
"78","ENSG00000070961.15","ATP2B1","T2","T2","Transporter",5.41589975918079e-05,3.54577274936018e-05,0.000523845480693489
"79","ENSG00000147416.11","ATP6V1B2","T2","T2","Enzyme",6.844137601734e-07,5.55709883212324e-08,0.000102764867942676
"80","ENSG00000155097.12","ATP6V1C1","T2","T2","Enzyme",1.09422923613226e-06,2.62587831763772e-08,2.62602027489365e-05
"81","ENSG00000204217.15","BMPR2","T2","T2","Kinase",0.000597928521434323,0.000509031939517249,0.00366966079356622
"82","ENSG00000224389.9","C4B","T2","T2","Other",0.00937371886923674,0.673993742915793,0.387861621164189
"83","ENSG00000007402.11","CACNA2D2","T2","T2","Ion Channel",4.77868801152258e-06,5.81381052641052e-07,1.32536791259097e-05
"84","ENSG00000198668.13","CALM1","T2","T2","Other",6.96517271991021e-07,6.41319580436358e-07,0.000136075053710105
"85","ENSG00000127884.5","ECHS1","T2","T2","Enzyme",2.58825710580725e-08,1.93317966745314e-07,0.00102217289994411
"86","ENSG00000118402.6","ELOVL4","T2","T2","Other",0.0048494429637676,0.00935424584452408,0.0100913218684667
"87","ENSG00000171503.12","ETFDH","T2","T2","Enzyme",2.14417495649384e-06,9.38251802599082e-05,0.00308548866795117
"88","ENSG00000134824.14","FADS2","T2","T2","Enzyme",0.000668660202738968,0.00202366462951953,0.0694745342991503
"89","ENSG00000115414.20","FN1","T2","T2","Other",6.46604968480406e-05,0.00168495948710952,0.0506439142173739
"90","ENSG00000100983.12","GSS","T2","T2","Enzyme",0.00962907087885264,0.00707098314156999,0.0584643492672218
"91","ENSG00000133731.10","IMPA1","T2","T2","Enzyme",2.71063011552818e-10,2.36207286820149e-09,0.00164830701324127
"92","ENSG00000111716.14","LDHB","T2","T2","Enzyme",2.82318454666167e-08,6.59886337673882e-07,0.00154121312901978
"93","ENSG00000160194.18","NDUFV3","T2","T2","Enzyme",4.3788790527169e-05,0.000136783431165813,0.00370671079102738
"94","ENSG00000166741.7","NNMT","T2","T2","Enzyme",0.00633729939401103,0.0264424064803232,0.0883006901049561
"95","ENSG00000122585.8","NPY","T2","T2","Other",1.15322793275513e-07,2.60627081087324e-08,0.0180854105359664
"96","ENSG00000108179.14","PPIF","T2","T2","Enzyme",1.16421046950129e-05,0.000974617737149022,0.104611791472686
"97","ENSG00000221823.11","PPP3R1","T2","T2","Other",5.18127696933816e-06,2.05368183676495e-07,0.000153162804345222
"98","ENSG00000126432.14","PRDX5","T2","T2","Other",2.30820892686404e-05,4.41621214886867e-06,0.000386973618966219
"99","ENSG00000135002.12","RFK","T2","T2","Enzyme",0.000821110015607222,0.000977445430186001,0.00147313366241312
"100","ENSG00000105711.12","SCN1B","T2","T2","Ion Channel",7.44482903812508e-06,2.87693819422977e-06,0.000103898854126093
"101","ENSG00000166257.9","SCN3B","T2","T2","Ion Channel",4.31599630421397e-05,0.00013424169791143,0.00232337393956944
"102","ENSG00000073578.17","SDHA","T2","T2","Enzyme",1.82594446715513e-05,3.64002716150503e-05,0.000796041708935508
"103","ENSG00000105281.12","SLC1A5","T2","T2","Transporter",0.00533068686101371,0.00829089278151558,0.0279993403729213
"104","ENSG00000151729.11","SLC25A4","T2","T2","Transporter",3.73731769826256e-06,3.84678865740373e-07,2.40405170673024e-05
"105","ENSG00000005022.6","SLC25A5","T2","T2","Transporter",1.19682282351664e-05,7.01643037348806e-05,0.000189646976596832
"106","ENSG00000169100.14","SLC25A6","T2","T2","Transporter",0.00371612022309542,0.016482046565325,0.0102528784385156
"107","ENSG00000132639.13","SNAP25","T2","T2","Other",3.06238272127824e-09,2.7850353362707e-08,1.78834181058593e-05
"108","ENSG00000143858.12","SYT2","T2","T2","Other",0.00532522657085084,0.00878250345458148,0.0468660433924404
"109","ENSG00000072274.13","TFRC","T2","T2","Other",5.41358198529602e-05,0.000218498974993903,0.068570350032644
"110","ENSG00000166548.16","TK2","T2","T2","Kinase",6.65810223621829e-05,0.00945399507350599,0.324895097889145
"111","ENSG00000137364.5","TPMT","T2","T2","Enzyme",0.0041894055674818,0.0452554289726845,0.364689814359723
"112","ENSG00000139190.16","VAMP1","T2","T2","Other",6.08147133352763e-05,9.84693511332624e-06,0.00119050282051592
"113","ENSG00000220205.9","VAMP2","T2","T2","Other",1.58278511107308e-06,3.5283407424785e-06,0.000410546149391059
"114","ENSG00000125730.17","C3","T2","T2","Other",0.00764919342625614,0.636597804716919,0.464572443043133
"115","ENSG00000167535.8","CACNB3","T2","T2","Ion Channel",0.000295444497921043,7.32936062089683e-05,0.00152468920757442
"116","ENSG00000182389.19","CACNB4","T2","T2","Ion Channel",5.50720820935087e-06,2.80008772139579e-06,0.000451378280201081
"117","ENSG00000072694.21","FCGR2B","T2","T2","Other",0.00122435326241335,0.0236033063108874,0.000186453287352276
"118","ENSG00000167996.16","FTH1","T2","T2","Other",0.000200623729955364,0.00524868439952066,0.627160607487238
"119","ENSG00000142166.13","IFNAR1","T2","T2","Other",0.00675690328111138,0.15228486607863,0.463822296548037
"120","ENSG00000196262.14","PPIA","T2","T2","Enzyme",1.23988734655078e-05,3.08438167799497e-06,0.00169720177698677
"121","ENSG00000115486.12","GGCX","T2","T2","Enzyme",0.00613039820505771,0.0367188616774527,0.00657025814967461
"122","ENSG00000153956.16","CACNA2D1","T2","T2","Ion Channel",9.10293995329312e-08,6.36879719277263e-09,5.61494729121871e-06
"123","ENSG00000165995.21","CACNB2","T2","T2","Ion Channel",0.000172699337792502,2.61811616530834e-05,0.00051701422361143
"124","ENSG00000022355.18","GABRA1","T2","T2,T3,T4,T5","Ion Channel",1.33426559778701e-05,5.87431556538233e-06,0.000182287473343562
"125","ENSG00000102468.10","HTR2A","T2","T2,T3,T4","GPCR",0.00169547504052569,0.0688017311408392,0.0222645195805148
"126","ENSG00000095303.17","PTGS1","T2","T2,T3,T4","Enzyme",8.76166899848844e-06,1.33388510677214e-05,8.35906658809668e-07
"127","ENSG00000150594.7","ADRA2A","T2","T2,T3,T4,T5","GPCR",0.00717578881855636,0.00205738582719181,0.063305631809773
"128","ENSG00000151067.22","CACNA1C","T2","T2,T3,T4","Ion Channel",0.000407347063674266,0.000530644822179128,0.00466954765520314
"129","ENSG00000144285.21","SCN1A","T2","T2,T4","Ion Channel",3.028144085902e-06,2.71233573212684e-06,7.15620809320149e-05
"130","ENSG00000133019.11","CHRM3","T2","T2,T4,T5","GPCR",0.0028710311118564,0.000550500005002704,0.00489789389065494
"131","ENSG00000151834.15","GABRA2","T2","T2,T3,T4,T5","Ion Channel",1.55810730438888e-06,1.65469147931567e-06,0.000265568717795851
"132","ENSG00000180210.15","F2","T2","T2,T3,T4","Enzyme",8.20425132070128e-06,0.667652239506248,0.166869370495187
"133","ENSG00000168539.4","CHRM1","T2","T2,T4,T5","GPCR",7.69663567250279e-05,9.90119192724662e-05,0.00136150561740654
"134","ENSG00000011677.13","GABRA3","T2","T2,T3,T4","Ion Channel",0.00218323460358011,0.00811930727896356,0.0147981562411316
"135","ENSG00000186297.12","GABRA5","T2","T2,T3,T4,T5","Ion Channel",0.00233889125368645,0.000811459399177883,0.0152962763453692
"136","ENSG00000109158.11","GABRA4","T2","T2,T3,T4,T5","Ion Channel",4.89283474246512e-07,2.25992342538855e-07,5.71099360804352e-05
"137","ENSG00000163399.16","ATP1A1","T2","T2,T3,T4,T5","Transporter",1.60006159491179e-07,3.78095800420872e-09,1.38982831284841e-07
"138","ENSG00000114200.10","BCHE","T2","T2,T4","Enzyme",4.37792849723751e-05,4.65237085715086e-05,0.00193695581643887
"139","ENSG00000065989.16","PDE4A","T2","T2,T4","Enzyme",9.26495588016426e-05,8.03392780159715e-05,0.00133273707066798
"140","ENSG00000142192.21","APP","T2","T2,T3","Other",0.00015195220760765,8.64523310959499e-05,0.00054856293544946
"141","ENSG00000113161.16","HMGCR","T2","T2,T3,T4","Enzyme",0.00720465601855636,0.224873533396708,0.28902812747573
"142","ENSG00000169313.10","P2RY12","T2","T2,T4","GPCR",0.00195706249844511,0.00425465900971006,0.00243029853712375
"143","ENSG00000117601.13","SERPINC1","T2","T2,T4","Other",0.00480713312280025,0.488815025882194,0.95354439894051
"144","ENSG00000164344.16","KLKB1","T2","T2,T3,T4","Enzyme",0.00733798320718588,0.964358957636024,0.384598607230791
"145","ENSG00000088926.14","F11","T2","T2,T4","Enzyme",0.00191931286001855,0.713441861799746,0.0990762656434317
"146","ENSG00000170214.5","ADRA1B","T2","T2,T4,T5","GPCR",0.00015296319870105,0.00222990863708399,0.0183496976083287
"147","ENSG00000160752.14","FDPS","T2","T2,T3","Enzyme",0.0029893460062852,0.0121625734692823,0.00197313647490504
"148","ENSG00000273079.5","GRIN2B","T2","T2,T3,T4","Ion Channel",3.17949789109565e-05,5.53045498496045e-05,0.000745018867216543
"149","ENSG00000176884.15","GRIN1","T2","T2,T3,T4,T5","Ion Channel",1.91738550189691e-05,6.84250971710608e-06,0.00041568843650145
"150","ENSG00000259207.9","ITGB3","T2","T2,T3,T4,T5","Other",8.57930326531765e-05,0.00019749895332811,0.000622936224597938
"151","ENSG00000167434.10","CA4","T2","T2,T4","Enzyme",1.2099840195785e-05,8.71810526499497e-06,0.000158243794029424
"152","ENSG00000155511.18","GRIA1","T2","T2,T4","Ion Channel",0.00136252039798535,0.00414861008325984,0.0069669624595317
"153","ENSG00000111262.6","KCNA1","T2","T2,T4","Ion Channel",8.55541517262519e-18,5.94028510673051e-11,4.7809105016571e-10
"154","ENSG00000134318.14","ROCK2","T2","T2,T3,T4","Kinase",8.57873332763051e-06,5.60789409894605e-07,2.38971912489087e-05
"155","ENSG00000067900.8","ROCK1","T2","T2,T3,T4","Kinase",0.00114052338209566,0.00237491971247039,0.00341455812566868
"156","ENSG00000126218.12","F10","T2","T2,T3,T4","Enzyme",0.00146422422844249,0.430534279733462,0.193049023481424
"157","ENSG00000106804.8","C5","T2","T2,T3","Other",0.00691226930271747,0.825908088888332,0.483128410878648
"158","ENSG00000151617.17","EDNRA","T2","T2,T3,T4,T5","GPCR",4.45479882441012e-05,0.0153296887311473,0.0235913348666777
"159","ENSG00000183454.17","GRIN2A","T2","T2,T3,T4,T5","Ion Channel",5.12755253653578e-05,1.91313610624556e-05,0.000324096761546667
"160","ENSG00000017260.19","ATP2C1","T2","T2,T3,T4","Transporter",0.00588864332962235,0.00515363748406406,0.0107495722379196
"161","ENSG00000182326.15","C1S","T2","T2,T3,T4","Other",2.28627383707927e-05,0.0978211091884829,0.0586752643154523
"162","ENSG00000178394.5","HTR1A","T2","T2,T3,T4,T5","GPCR",7.77673956332649e-06,3.01794350914279e-05,0.000852370571965594
"163","ENSG00000005844.18","ITGAL","T2","T2,T3,T4,T5","Other",0.00904733327026542,0.0111106550910474,0.003710985939404
"164","ENSG00000006071.15","ABCC8","T2","T2,T4","Transporter",0.000589634823905086,0.00106945309234805,0.00468826370372782
"165","ENSG00000159403.18","C1R","T2","T2,T4","Other",3.56019732430392e-05,0.0426886963777275,0.0209768317671458
"166","ENSG00000171385.9","KCND3","T2","T2,T4","Ion Channel",0.000220554654956472,4.13150361293585e-05,0.00105323316964192
"167","ENSG00000175445.17","LPL","T2","T2,T4","Enzyme",7.50114407648149e-05,0.000978484937913478,0.116560628845974
"168","ENSG00000136531.17","SCN2A","T2","T2,T4","Ion Channel",3.29988742536274e-06,5.08940432778754e-07,4.02316516075171e-05
"169","ENSG00000064651.14","SLC12A2","T2","T2,T4","Transporter",6.71720866252121e-05,4.04062658865955e-05,0.000630092629102062
"170","ENSG00000170989.10","S1PR1","T2","T2,T4,T5","GPCR",4.41640242201263e-06,0.00219817744574855,0.0133640796604506
"171","ENSG00000086205.18","FOLH1","T2","T2,T3","Enzyme",0.000358118656069617,0.00057948836586126,0.0329388917969551
"172","ENSG00000105329.10","TGFB1","T2","T2,T3","Other",2.16452429470935e-06,2.78408520808467e-06,0.000289553045661502
"173","ENSG00000148408.13","CACNA1B","T2","T2,T3,T4","Ion Channel",1.48411236634745e-06,1.18321572402926e-06,0.000363802872993205
"174","ENSG00000112541.16","PDE10A","T2","T2,T3,T4","Enzyme",0.00528360214878685,0.00225205011624667,0.0217611409288296
"175","ENSG00000113448.19","PDE4D","T2","T2,T3,T4","Enzyme",0.000127625882614559,0.000534959477937995,0.00153175436655856
"176","ENSG00000145864.13","GABRB2","T2","T2,T3,T4","Ion Channel",2.36593692847312e-05,6.44814401224103e-06,0.00029133329942199
"177","ENSG00000115232.14","ITGA4","T2","T2,T3,T4","Other",1.40660326874252e-06,4.37650692202082e-05,3.22617803831016e-05
"178","ENSG00000089250.19","NOS1","T2","T2,T3,T4","Enzyme",4.31179760810009e-07,8.9676380881911e-09,9.6938676804919e-05
"179","ENSG00000138448.12","ITGAV","T2","T2,T3,T4,T5","Other",1.79294218425837e-05,0.0062340202480516,0.00873498307581144
"180","ENSG00000134352.20","IL6ST","T2","T2,T3,T5","Other",9.07693289444839e-11,8.4266481013517e-09,7.39177508563423e-06
"181","ENSG00000111275.13","ALDH2","T2","T2,T4","Enzyme",1.97927827553695e-09,1.52090830085242e-05,0.0139706946800099
"182","ENSG00000122194.18","PLG","T2","T2,T4","Enzyme",0.00278620071019731,0.435037289821924,0.152048142850569
"183","ENSG00000180739.14","S1PR5","T2","T2,T4,T5","GPCR",0.00915796816317582,0.0329964613979994,0.0813039783657763
"184","ENSG00000010610.10","CD4","T2","T2,T5","Other",0.00136002784599584,0.00137589839781438,0.000444593879826917
"185","ENSG00000183023.18","SLC8A1","T2","T2,T5","Transporter",1.22881211087293e-05,9.33625773876506e-06,0.000104556557367277
"186","ENSG00000166165.13","CKB","T2","T2,T3","Kinase",8.62008407596659e-11,6.40280982321922e-08,9.0827315356881e-07
"187","ENSG00000223572.10","CKMT1A","T2","T2,T3","Kinase",8.26052553568086e-08,1.93160201048089e-07,0.000261915110391279
"188","ENSG00000131730.16","CKMT2","T2","T2,T3","Kinase",0.00341744520963044,0.00978140181429655,0.0258511333466689
"189","ENSG00000162989.5","KCNJ3","T2","T2,T3","Ion Channel",0.00471794860529832,0.00219483016155076,0.00686163279671492
"190","ENSG00000077150.20","NFKB2","T2","T2,T3","Transcription Factor",4.41042167719839e-05,5.12106042784494e-05,3.0377776606945e-05
"191","ENSG00000160209.19","PDXK","T2","T2,T3","Kinase",1.12229969751905e-06,7.4387410546692e-08,9.51933490236279e-06
"192","ENSG00000057252.13","SOAT1","T2","T2,T3","Enzyme",0.00999618406292177,0.0206714480427467,0.030392448554073
"193","ENSG00000165025.15","SYK","T2","T2,T3,T4","Kinase",0.00648859827146277,0.00760194760336736,0.0011761495183529
"194","ENSG00000091879.14","ANGPT2","T2","T2,T3,T4","Other",4.5815426839072e-05,4.76486150940743e-05,0.00448626993725771
"195","ENSG00000117594.10","HSD11B1","T2","T2,T3,T4","Enzyme",7.0747469329249e-07,0.000928486375350723,0.00289875943708921
"196","ENSG00000113580.15","NR3C1","T2","T2,T3,T4","Nuclear Receptor",0.000182094148181802,0.120704101237245,0.0451251049444605
"197","ENSG00000177272.9","KCNA3","T2","T2,T3,T4,T5","Ion Channel",0.00270501274230939,0.00466125701907192,0.0119241035450406
"198","ENSG00000183044.12","ABAT","T2","T2,T3,T4","Enzyme",0.000382132329510031,0.0269332827610874,0.0884207504485186
"199","ENSG00000074410.14","CA12","T2","T2,T3,T4","Enzyme",0.000331759570365181,0.00456926990033142,0.0154885218511377
"200","ENSG00000001630.17","CYP51A1","T2","T2,T3,T4","Enzyme",0.0096054032586924,0.007943991265559,0.276475132344345
"201","ENSG00000168959.14","GRM5","T2","T2,T3,T4","GPCR",2.00765356001543e-05,4.5324660803915e-06,0.000508782094665169
"202","ENSG00000138823.13","MTTP","T2","T2,T3,T4","Other",1.05331639949412e-07,9.83251900122907e-06,8.35757231825555e-06
"203","ENSG00000163288.14","GABRB1","T2","T2,T3,T4,T5","Ion Channel",0.00106590826985435,0.000912232807450908,0.0117548108270045
"204","ENSG00000104870.13","FCGRT","T2","T2,T3,T5","Other",0.00355007566680915,0.00668855575627212,0.00277089561519992
"205","ENSG00000196083.10","IL1RAP","T2","T2,T3,T5","Other",7.87177334461387e-09,2.67994594312477e-06,0.000277869283195994
"206","ENSG00000196616.14","ADH1B","T2","T2,T4","Enzyme",0.00134705093847996,0.000408870333359063,0.106300657429217
"207","ENSG00000118298.12","CA14","T2","T2,T4","Enzyme",0.000929615193585796,0.00111281503252844,0.0253403280660897
"208","ENSG00000164879.7","CA3","T2","T2,T4","Enzyme",5.50521306678451e-06,0.000604025876585702,0.00139491441554324
"209","ENSG00000198216.12","CACNA1E","T2","T2,T4","Ion Channel",1.04059064014428e-05,3.5021139414589e-06,0.000145010304140499
"210","ENSG00000089597.18","GANAB","T2","T2,T4","Enzyme",3.52636951680056e-06,3.10448586815538e-06,1.57480374340485e-05
"211","ENSG00000061918.13","GUCY1B1","T2","T2,T4","Enzyme",6.75973241421427e-07,8.97525546910739e-08,1.06929826312956e-05
"212","ENSG00000072506.13","HSD17B10","T2","T2,T4","Enzyme",0.000370420720187783,8.20881835483527e-06,0.00051360315349076
"213","ENSG00000177301.15","KCNA2","T2","T2,T4","Ion Channel",1.04757586360068e-14,8.60439042388362e-11,8.46026080936517e-09
"214","ENSG00000182255.7","KCNA4","T2","T2,T4","Ion Channel",2.04336035565997e-05,0.0012343396233644,0.00651631548964509
"215","ENSG00000158445.10","KCNB1","T2","T2,T4","Ion Channel",3.73573383685776e-05,3.88971959918817e-05,0.000326941837309795
"216","ENSG00000129159.8","KCNC1","T2","T2,T4","Ion Channel",0.000695554236791694,0.00281686889007227,0.0420886053111298
"217","ENSG00000156113.23","KCNMA1","T2","T2,T4","Ion Channel",5.91724032509001e-06,8.77764754769252e-07,8.67218905442036e-05
"218","ENSG00000109320.13","NFKB1","T2","T2,T4","Transcription Factor",0.000311954915581825,0.000378690819461576,0.000544071675254835
"219","ENSG00000123360.12","PDE1B","T2","T2,T4","Enzyme",7.24325845144049e-09,4.9474437785212e-10,6.42738322783024e-06
"220","ENSG00000120899.18","PTK2B","T2","T2,T4","Kinase",3.64857127260609e-07,1.10173779313053e-08,1.39286467507665e-06
"221","ENSG00000198626.17","RYR2","T2","T2,T4","Ion Channel",2.35087663007517e-08,1.68826831690943e-09,1.48413144654091e-06
"222","ENSG00000196876.18","SCN8A","T2","T2,T4","Ion Channel",3.34237441234845e-06,7.70380113481698e-06,1.99839759886562e-05
"223","ENSG00000124067.17","SLC12A4","T2","T2,T4","Transporter",3.35246096196975e-08,3.20497633491199e-08,0.000150540468702714
"224","ENSG00000124140.14","SLC12A5","T2","T2,T4","Transporter",4.64519727526546e-07,1.86544924260185e-07,2.48036353328103e-05
"225","ENSG00000188229.6","TUBB4B","T2","T2,T4","Other",0.000242867027433502,0.000253681698631227,0.000450354511563854
"226","ENSG00000163485.17","ADORA1","T2","T2,T4,T5","GPCR",2.07437496650548e-06,1.19225503269768e-05,0.000215439629204974
"227","ENSG00000181104.7","F2R","T2","T2,T4,T5","GPCR",0.000109321470642853,0.00242539538743559,0.0309624460335335
"228","ENSG00000169403.12","PTAFR","T2","T2,T4,T5","GPCR",0.00747618651503485,0.035727424259613,0.00835697917570167
"229","ENSG00000157103.12","SLC6A1","T2","T2,T4,T5","Transporter",8.3563486574558e-08,9.21366823878641e-08,1.08929558063759e-05
"230","ENSG00000026508.19","CD44","T2","T2,T5","Other",0.00861263180543297,0.0227355621177262,0.00595868632683679
"231","ENSG00000177663.14","IL17RA","T2","T2,T5","Other",0.0032460169701824,0.000713522389671201,0.00990280957188333
"232","ENSG00000149575.7","SCN2B","T2","T2,T5","Ion Channel",2.56588768782093e-10,4.38842171535611e-10,9.59396315562219e-08
"233","ENSG00000177098.8","SCN4B","T2","T2,T5","Ion Channel",0.00541745171059854,0.00120305215440547,0.0286477076750215
"234","ENSG00000111371.16","SLC38A1","T2","T2,T5","Transporter",9.31626410677153e-06,0.00175791785944561,0.000808396213617377
"235","ENSG00000075239.14","ACAT1","T3","T3","Enzyme",4.70517087639628e-06,0.00326945154626303,0.0419619938246786
"236","ENSG00000151694.14","ADAM17","T3","T3","Enzyme",2.29954227083025e-05,0.000760674182069871,0.000382975222994588
"237","ENSG00000100823.12","APEX1","T3","T3","Enzyme",2.78900916730305e-05,4.77364093143644e-05,0.0125802553169358
"238","ENSG00000156802.13","ATAD2","T3","T3","Epigenetic",7.3194469446705e-06,0.000578545644253691,0.183130420508987
"239","ENSG00000166164.15","BRD7","T3","T3","Epigenetic",0.000400146054887553,0.000567065629704073,0.040939608427744
"240","ENSG00000019582.15","CD74","T3","T3","Other",0.000182664483025353,0.00114659014276844,0.000657502110206612
"241","ENSG00000090932.11","DLL3","T3","T3","Other",0.00268243009557051,0.00505284812008521,0.00980032675997972
"242","ENSG00000204371.11","EHMT2","T3","T3","Epigenetic",0.000638420937101811,0.000312894475902701,0.0800007837623121
"243","ENSG00000128829.12","EIF2AK4","T3","T3","Kinase",0.00150203010070625,0.0446202943634084,0.455716497343776
"244","ENSG00000054179.12","ENTPD2","T3","T3","Enzyme",0.000486450318219706,0.0156601113696151,0.210230187590423
"245","ENSG00000164308.17","ERAP2","T3","T3","Enzyme",0.000435620965024246,0.00907408585366915,0.0263208516344799
"246","ENSG00000115419.13","GLS","T3","T3","Enzyme",1.49647261963265e-06,4.47871827368343e-07,0.000131028845192012
"247","ENSG00000147099.21","HDAC8","T3","T3","Epigenetic",0.000226191595534091,0.00156608331306448,0.233890143504993
"248","ENSG00000017427.17","IGF1","T3","T3","Other",0.00278763201486366,0.653938629906574,0.671960717938356
"249","ENSG00000167244.21","IGF2","T3","T3","Other",0.00082033735503891,0.679935036456913,0.527629551999502
"250","ENSG00000168918.14","INPP5D","T3","T3","Enzyme",0.00805312124120022,0.00677889575896872,0.00333410171599945
"251","ENSG00000115548.17","KDM3A","T3","T3","Epigenetic",3.31603871419882e-05,7.06622773267728e-06,0.00082717262371975
"252","ENSG00000138160.6","KIF11","T3","T3","Other",0.000372389937349082,0.000930408665516865,0.0890167657533837
"253","ENSG00000169783.12","LINGO1","T3","T3","Other",5.56798703805853e-05,3.17262461684996e-05,0.000873928639426957
"254","ENSG00000074416.14","MGLL","T3","T3","Enzyme",1.02924585183958e-05,2.64299265290308e-05,0.00232513799730772
"255","ENSG00000141279.16","NPEPPS","T3","T3","Enzyme",9.18985184094094e-10,2.93734526076248e-07,0.00131422668966078
"256","ENSG00000104805.16","NUCB1","T3","T3","Other",3.6312310739638e-05,0.000247210495848802,6.11898497824395e-05
"257","ENSG00000168078.10","PBK","T3","T3","Kinase",0.000341056243423575,0.000658431986627838,0.0272150659853864
"258","ENSG00000163939.18","PBRM1","T3","T3","TF-Epigenetic",4.70308206684075e-06,5.33394443557458e-07,0.000702543145222353
"259","ENSG00000140479.17","PCSK6","T3","T3","Enzyme",0.000925089069762517,0.0175737632886172,0.646112366062191
"260","ENSG00000143398.20","PIP5K1A","T3","T3","Kinase",0.0019438909396087,0.00716402934183809,0.0367552193916699
"261","ENSG00000116711.10","PLA2G4A","T3","T3","Enzyme",0.00269526508247541,0.00125197739757818,0.011185603923404
"262","ENSG00000184381.20","PLA2G6","T3","T3","Enzyme",1.00023897577283e-06,9.48794306560713e-08,1.67999250424153e-05
"263","ENSG00000115896.16","PLCL1","T3","T3","Enzyme",2.28043057680439e-06,3.73675665658332e-07,0.000701404577254963
"264","ENSG00000075651.16","PLD1","T3","T3","Enzyme",0.000161466129591457,0.000487685896321408,0.0191892650085216
"265","ENSG00000137509.11","PRCP","T3","T3","Enzyme",0.000262637493495659,0.000221662519534793,2.5495751772213e-05
"266","ENSG00000185238.13","PRMT3","T3","T3","Epigenetic",3.1388703822572e-06,6.99637560307875e-06,0.000145929363229738
"267","ENSG00000153707.17","PTPRD","T3","T3","Enzyme",1.48030048673699e-07,8.94259995498369e-07,0.000461245565898972
"268","ENSG00000115310.18","RTN4","T3","T3","Other",1.06904576627548e-07,2.74588309994533e-07,3.5256059931098e-05
"269","ENSG00000145391.13","SETD7","T3","T3","Epigenetic",0.000203009861860297,0.000543344656264932,0.428721382238854
"270","ENSG00000115524.17","SF3B1","T3","T3","Other",8.31973025980501e-05,1.74528284741613e-05,0.00726378394910656
"271","ENSG00000100678.19","SLC8A3","T3","T3","Transporter",7.81562596120262e-05,0.00127876178795766,0.00122861085593531
"272","ENSG00000127616.18","SMARCA4","T3","T3","Epigenetic",8.21008047379909e-06,1.65452741919323e-06,0.00514867081613881
"273","ENSG00000102172.16","SMS","T3","T3","Enzyme",6.29683250014778e-05,0.0112803227627052,0.00138235883918837
"274","ENSG00000115661.14","STK16","T3","T3","Kinase",0.00431869208366702,0.0201908531455715,0.178759480721088
"275","ENSG00000122779.18","TRIM24","T3","T3","Epigenetic",2.29851510512525e-06,9.70895570052522e-07,0.00130918339361962
"276","ENSG00000154277.13","UCHL1","T3","T3","Enzyme",1.24313952165041e-09,2.56054715966897e-10,4.10078202483591e-06
"277","ENSG00000101557.15","USP14","T3","T3","Enzyme",0.000340811853310788,0.00276373224006307,0.00798397644714967
"278","ENSG00000196363.9","WDR5","T3","T3","Other",1.30904617274506e-06,2.0944271453526e-08,0.00230935853112078
"279","ENSG00000114573.10","ATP6V1A","T3","T3","Enzyme",8.55809783408836e-07,7.95645782189796e-08,0.000156452200402582
"280","ENSG00000204256.13","BRD2","T3","T3","Epigenetic",4.63007833190633e-05,1.70785857285948e-05,0.00413558161312168
"281","ENSG00000103855.18","CD276","T3","T3","Other",0.000538740238555979,0.000913711420258637,0.00371955681800878
"282","ENSG00000005339.15","CREBBP","T3","T3","Epigenetic",0.000179236319586622,0.00329758316418502,0.81048849626364
"283","ENSG00000141551.14","CSNK1D","T3","T3","Kinase",0.000341280268460831,0.000305650642958953,0.00310303192332988
"284","ENSG00000055332.18","EIF2AK2","T3","T3","Kinase",0.00171956431734662,0.0513031036530335,0.0805131637484502
"285","ENSG00000172071.14","EIF2AK3","T3","T3","Kinase",0.00795375055982736,0.0164727249926122,0.0269350257655527
"286","ENSG00000146070.17","PLA2G7","T3","T3","Enzyme",0.00277076477385624,0.000726949230205451,0.376436531549055
"287","ENSG00000198890.9","PRMT6","T3","T3","Epigenetic",0.00154962019974091,0.00415994772904932,0.834836187708338
"288","ENSG00000096717.12","SIRT1","T3","T3","Epigenetic",0.00190161079697706,0.00254096336760251,0.0195390053130699
"289","ENSG00000068903.20","SIRT2","T3","T3","Epigenetic",7.30165653639417e-05,3.60186063037883e-05,0.00618900111848365
"290","ENSG00000124523.16","SIRT5","T3","T3","Epigenetic",2.4957561967715e-05,1.19241143879447e-05,0.00100193600917831
"291","ENSG00000166483.11","WEE1","T3","T3","Kinase",0.000144670430851239,4.63918542795912e-05,0.00720040692516944
"292","ENSG00000141867.17","BRD4","T3","T3","Epigenetic",1.59384628774766e-07,6.0485393289241e-08,0.000467403780676728
"293","ENSG00000028310.18","BRD9","T3","T3","Epigenetic",0.00189736002541553,0.00273110505919522,0.0605459420858666
"294","ENSG00000104312.8","RIPK2","T3","T3","Kinase",0.00633418253916849,0.133603381332982,0.0544035809274206
"295","ENSG00000100462.16","PRMT5","T3","T3","Epigenetic",7.58241070488232e-05,3.86370881727588e-05,0.00859100969858269
"296","ENSG00000156983.16","BRPF1","T3","T3","Epigenetic",0.00195097454317164,0.000425390115252741,0.018197209356236
"297","ENSG00000117480.16","FAAH","T3","T3","Enzyme",2.24404309345264e-11,1.69998347135123e-10,6.04554656735434e-06
"298","ENSG00000198001.14","IRAK4","T3","T3","Kinase",1.02370457237011e-05,1.29871238517211e-05,0.00018460889914108
"299","ENSG00000183735.10","TBK1","T3","T3","Kinase",0.000463610535036778,0.00447243331481557,0.0312787917027355
"300","ENSG00000063176.16","SPHK2","T3","T3","Kinase",6.82046911621006e-05,0.000201639522689262,0.00748476418433895
"301","ENSG00000186318.16","BACE1","T3","T3,T4","Enzyme",7.23281106755698e-07,1.17389659094793e-07,0.000150679468202528
"302","ENSG00000123374.11","CDK2","T3","T3,T4","Kinase",3.54784249134435e-05,6.4322657461566e-06,0.00223016040179038
"303","ENSG00000112062.10","MAPK14","T3","T3,T4","Kinase",0.000206927785268715,0.00016218844652999,0.000400509375034621
"304","ENSG00000082701.16","GSK3B","T3","T3,T4","Kinase",0.000788129220640568,0.00101581751242253,0.000859190317910426
"305","ENSG00000170312.16","CDK1","T3","T3,T4","Kinase",0.00364927691892054,0.0051791506849893,0.0901340751944186
"306","ENSG00000051382.9","PIK3CB","T3","T3,T4","Kinase",2.81702765786782e-05,2.50568201260669e-05,0.00033989904348698
"307","ENSG00000142208.16","AKT1","T3","T3,T4","Kinase",6.73832881580493e-06,0.000965804348983667,0.00511811612644883
"308","ENSG00000085563.15","ABCB1","T3","T3,T4,T5","Transporter",2.11790358963965e-05,0.00352454129459426,0.000182250698054497
"309","ENSG00000105221.18","AKT2","T3","T3,T4","Kinase",0.000409296458301182,0.00070042670891096,0.00368352263475415
"310","ENSG00000106799.13","TGFBR1","T3","T3,T5","Kinase",0.00227378818065309,0.0149452982624996,0.250585618695023
"311","ENSG00000117020.18","AKT3","T3","T3,T4","Kinase",1.57078403466087e-05,1.47016048392853e-05,9.73685012689431e-05
"312","ENSG00000166501.14","PRKCB","T3","T3,T4","Kinase",7.6691165104733e-12,2.42071235007578e-10,1.37802010968621e-07
"313","ENSG00000253729.8","PRKDC","T3","T3,T4","Kinase",3.98762617943857e-06,2.83062752452098e-07,0.000439324883704238
"314","ENSG00000118432.12","CNR1","T3","T3,T4,T5","GPCR",0.00294513387154621,0.002260094121366,0.00917393347301624
"315","ENSG00000065361.16","ERBB3","T3","T3,T4,T5","Kinase",0.00899938916831324,0.180630437802602,0.0544266623197009
"316","ENSG00000164885.13","CDK5","T3","T3,T4","Kinase",7.75454101546728e-05,1.64465584617119e-05,0.000177645827425901
"317","ENSG00000100030.15","MAPK1","T3","T3,T4","Kinase",0.000487787634450551,8.16432713560163e-05,0.022655342269657
"318","ENSG00000140992.19","PDPK1","T3","T3,T4","Kinase",2.07998976631073e-06,5.54103909704323e-08,2.90656122495208e-06
"319","ENSG00000137275.14","RIPK1","T3","T3,T4","Kinase",4.94765891894376e-08,4.10182050426454e-09,2.66798166060736e-07
"320","ENSG00000136960.12","ENPP2","T3","T3,T4","Enzyme",0.00211000239498789,0.00148562886543822,0.130986718843794
"321","ENSG00000105723.12","GSK3A","T3","T3,T4","Kinase",1.47097072498527e-05,5.78649126589831e-06,5.12454653403455e-05
"322","ENSG00000162889.11","MAPKAPK2","T3","T3,T4","Kinase",8.98982704411713e-05,0.00017276345097407,0.000197272854570035
"323","ENSG00000149311.18","ATM","T3","T3,T4","Kinase",3.02476665784821e-07,1.49355520061575e-09,5.18681833314353e-06
"324","ENSG00000175054.16","ATR","T3","T3,T4","Kinase",0.00487958009310029,0.00145180276029604,0.01961779791788
"325","ENSG00000134058.12","CDK7","T3","T3,T4","Kinase",0.00029907133377642,0.000667418247298858,0.026511162490511
"326","ENSG00000136807.14","CDK9","T3","T3,T4","Kinase",0.00563782213123303,0.000271280505584627,0.200510397720816
"327","ENSG00000106683.15","LIMK1","T3","T3,T4","Kinase",0.00102243283109121,0.000899760224194411,0.00410596731007165
"328","ENSG00000197442.10","MAP3K5","T3","T3,T4","Kinase",3.33724389951218e-08,3.69298285194306e-05,0.000823320451984636
"329","ENSG00000109339.24","MAPK10","T3","T3,T4","Kinase",3.45311181147026e-06,2.73074332647169e-07,2.96736006431143e-05
"330","ENSG00000005381.8","MPO","T3","T3,T4","Enzyme",0.00155617722590352,0.0439862235608765,0.464078687096249
"331","ENSG00000204580.13","DDR1","T3","T3,T4,T5","Kinase",0.00570453651171783,0.013873019647034,0.0479052457347169
"332","ENSG00000137752.24","CASP1","T3","T3,T4","Enzyme",2.95618674278304e-09,1.49907830700092e-05,5.15814643617233e-06
"333","ENSG00000183765.22","CHEK2","T3","T3,T4","Kinase",0.00349565939829493,0.0154363944809414,0.0401034581831106
"334","ENSG00000105204.14","DYRK1B","T3","T3,T4","Kinase",0.00260780245001815,0.00246912187149857,0.0104878882859531
"335","ENSG00000166598.15","HSP90B1","T3","T3,T4","Other",1.56606058140818e-06,6.78457359865832e-06,6.07109313385541e-05
"336","ENSG00000166484.20","MAPK7","T3","T3,T4","Kinase",3.75602300987133e-05,1.00126118582595e-05,0.00041087257810718
"337","ENSG00000050748.17","MAPK9","T3","T3,T4","Kinase",0.00678338978002248,0.00240197370150881,0.0130902804408507
"338","ENSG00000087245.13","MMP2","T3","T3,T4","Enzyme",0.00726631799991876,0.128219905285363,0.0566016651336328
"339","ENSG00000149269.10","PAK1","T3","T3,T4","Kinase",2.3220094109548e-06,1.91510011896353e-07,1.67842706030416e-05
"340","ENSG00000078142.13","PIK3C3","T3","T3,T4","Kinase",4.17201914515694e-05,0.000123363803385278,0.000618969392711184
"341","ENSG00000065675.15","PRKCQ","T3","T3,T4","Kinase",0.00130466388751537,0.00857314069610503,0.0658446458225962
"342","ENSG00000089041.17","P2RX7","T3","T3,T4,T5","Ion Channel",0.00176385672490129,0.000801991045745146,0.0189692803421039
"343","ENSG00000164305.19","CASP3","T3","T3,T4","Enzyme",6.04681440672799e-08,5.31553917683312e-09,4.12417207757912e-06
"344","ENSG00000080824.19","HSP90AA1","T3","T3,T4","Other",0.000397415993704717,0.00318350862355245,0.0559539578773859
"345","ENSG00000004487.17","KDM1A","T3","T3,T4","Epigenetic",0.000206928043448541,0.000273543809369775,0.0319548595385903
"346","ENSG00000134013.16","LOXL2","T3","T3,T4","Enzyme",0.000327755872054463,0.000822728653199425,0.0207077222410772
"347","ENSG00000137764.20","MAP2K5","T3","T3,T4","Kinase",5.45861704022395e-05,3.15783009045603e-05,0.00107862465925333
"348","ENSG00000139625.13","MAP3K12","T3","T3,T4","Kinase",0.000291608656463017,0.000145682229332616,0.0125636372521118
"349","ENSG00000107643.16","MAPK8","T3","T3,T4","Kinase",3.83104486934859e-05,7.23392345771975e-05,0.000456516730301074
"350","ENSG00000079277.21","MKNK1","T3","T3,T4","Kinase",0.00139185631511595,0.000769014036530708,0.030733124175274
"351","ENSG00000074590.13","NUAK1","T3","T3,T4","Kinase",2.89832097195308e-07,1.39018057534926e-07,6.97598595333345e-06
"352","ENSG00000163932.15","PRKCD","T3","T3,T4","Kinase",0.00503245703526839,0.00857085341882589,0.0787929400198019
"353","ENSG00000171132.14","PRKCE","T3","T3,T4","Kinase",1.52910580423268e-07,6.60029390832259e-09,2.43687164979484e-06
"354","ENSG00000126583.11","PRKCG","T3","T3,T4","Kinase",3.61999040443038e-05,4.65820383034185e-05,0.00129072707225563
"355","ENSG00000067606.17","PRKCZ","T3","T3,T4","Kinase",1.81690514358577e-05,1.31308173199133e-05,0.000578585620647417
"356","ENSG00000177189.14","RPS6KA3","T3","T3,T4","Kinase",0.00999411023911554,0.0162103634521312,0.063465825229745
"357","ENSG00000100784.12","RPS6KA5","T3","T3,T4","Kinase",0.000208497809747343,0.000830894980396437,0.0121907357756119
"358","ENSG00000078098.14","FAP","T3","T3,T4,T5","Enzyme",0.00905730067102621,0.103621262509477,0.0664397479253868
"359","ENSG00000148053.16","NTRK2","T3","T3,T4,T5","Kinase",3.12028716559631e-05,2.65748209249514e-05,0.000217822500191635
"360","ENSG00000115170.15","ACVR1","T3","T3,T5","Kinase",0.000972357577061852,0.00238766343335163,0.0960807292975188
"361","ENSG00000137845.15","ADAM10","T3","T3,T5","Enzyme",0.00126569144048699,0.00240205338367137,0.0215651026546724
"362","ENSG00000146242.9","TPBG","T3","T3,T5","Other",0.000517193083630468,0.00063458638499386,0.0128155252447681
"363","ENSG00000278540.5","ACACA","T3","T3,T4","Enzyme",2.88623837509899e-05,0.000227432377626113,0.000106943392624799
"364","ENSG00000164742.16","ADCY1","T3","T3,T4","Enzyme",1.53597008322726e-05,8.93321483255784e-07,9.92633667376132e-05
"365","ENSG00000173175.14","ADCY5","T3","T3,T4","Enzyme",4.99710119468004e-08,1.07911632307957e-08,8.40693778146727e-05
"366","ENSG00000112294.13","ALDH5A1","T3","T3,T4","Enzyme",5.32571098936174e-07,7.52229855005411e-05,0.00112817561804386
"367","ENSG00000132965.9","ALOX5AP","T3","T3,T4","Enzyme",9.04430672102854e-07,3.32253090777562e-06,8.6054408109126e-05
"368","ENSG00000107159.13","CA9","T3","T3,T4","Enzyme",1.86663613228701e-05,5.90103765003926e-05,9.70501505372976e-05
"369","ENSG00000004660.15","CAMKK1","T3","T3,T4","Kinase",2.41226753206567e-11,1.74347958574806e-12,1.79549044309782e-07
"370","ENSG00000110931.19","CAMKK2","T3","T3,T4","Kinase",2.05950900030185e-06,2.70880834198531e-08,2.23264769927686e-06
"371","ENSG00000138794.10","CASP6","T3","T3,T4","Enzyme",0.0002863256983613,0.000918742060672607,0.0040715331857584
"372","ENSG00000167258.15","CDK12","T3","T3,T4","Kinase",0.00131483476643942,0.000301007879285676,0.0838966660804227
"373","ENSG00000065883.16","CDK13","T3","T3,T4","Kinase",0.000699780039179193,0.00036958075504489,0.00948980782995989
"374","ENSG00000213341.11","CHUK","T3","T3,T4","Kinase",0.00979985382947108,0.046255197304364,0.59216693634319
"375","ENSG00000173020.11","GRK2","T3","T3,T4","Kinase",0.000556702871688633,0.000492132641763975,0.00785126730013029
"376","ENSG00000100077.15","GRK3","T3","T3,T4","Kinase",2.56354061724082e-05,2.21314111458395e-05,0.00158160536544949
"377","ENSG00000198873.12","GRK5","T3","T3,T4","Kinase",0.000344671343854704,0.000440200610109782,0.000881839561865067
"378","ENSG00000198822.10","GRM3","T3","T3,T4","GPCR",7.34403159964287e-07,1.13584099406354e-07,5.59567599585303e-06
"379","ENSG00000101336.15","HCK","T3","T3,T4","Kinase",0.000182405191127694,0.000477801281526634,2.01353589266288e-05
"380","ENSG00000166333.14","ILK","T3","T3,T4","Kinase",0.000829132536171032,0.00301799015849416,0.0011392004177416
"381","ENSG00000161638.11","ITGA5","T3","T3,T4","Other",8.63073223512256e-05,5.49917525958649e-06,9.42594294996249e-05
"382","ENSG00000130758.8","MAP3K10","T3","T3,T4","Kinase",3.94417354888251e-07,0.000150167653633561,0.00111288345468304
"383","ENSG00000091436.17","MAP3K20","T3","T3,T4","Kinase",0.00204794711542301,0.00903520594585495,0.0151950255075415
"384","ENSG00000116141.16","MARK1","T3","T3,T4","Kinase",1.18130165939684e-05,5.7866616393109e-06,9.25545930203434e-05
"385","ENSG00000009724.17","MASP2","T3","T3,T4","Enzyme",0.00421888251421051,0.618803407511022,0.0927990217975784
"386","ENSG00000153208.17","MERTK","T3","T3,T4","Kinase",3.59400160199835e-05,0.00239650685750636,0.00793379121770748
"387","ENSG00000164024.12","METAP1","T3","T3,T4","Enzyme",0.00115109479660583,0.0672881235560099,0.939241232467944
"388","ENSG00000157227.13","MMP14","T3","T3,T4","Enzyme",2.1894514798654e-10,5.47982289373518e-07,2.30456929741086e-06
"389","ENSG00000137601.17","NEK1","T3","T3,T4","Kinase",0.00423628871799773,0.0574683119359437,0.118010067764424
"390","ENSG00000115252.18","PDE1A","T3","T3,T4","Enzyme",1.90331148961274e-07,1.41630732816564e-08,1.57049786058283e-05
"391","ENSG00000186642.16","PDE2A","T3","T3,T4","Enzyme",1.30038010362764e-05,5.64959015426622e-06,0.000632201528460393
"392","ENSG00000152256.14","PDK1","T3","T3,T4","Kinase",0.0017378633596553,0.037413994475131,0.57872161065015
"393","ENSG00000198805.12","PNP","T3","T3,T4","Enzyme",0.00012719930186935,0.000408883701794109,0.0567050624264155
"394","ENSG00000085377.14","PREP","T3","T3,T4","Enzyme",1.69114043469265e-06,2.43008924048466e-07,1.26414252552117e-05
"395","ENSG00000072062.14","PRKACA","T3","T3,T4","Kinase",0.00299666429481342,0.00138892894303467,0.00460117566399323
"396","ENSG00000184304.16","PRKD1","T3","T3,T4","Kinase",6.15019332994885e-05,0.0010639855970689,0.00532559057918404
"397","ENSG00000105287.12","PRKD2","T3","T3,T4","Kinase",0.000639596926140659,0.000280574089937406,0.00121823808425762
"398","ENSG00000196396.10","PTPN1","T3","T3,T4","Enzyme",0.000335757439125586,5.97604509545954e-05,0.000557047568212662
"399","ENSG00000071242.12","RPS6KA2","T3","T3,T4","Kinase",5.7933849862415e-16,8.88816967115411e-13,1.73009620127394e-06
"400","ENSG00000160584.16","SIK3","T3","T3,T4","Kinase",2.18476627714244e-05,3.50027189354572e-06,0.000173510560516073
"401","ENSG00000011083.9","SLC6A7","T3","T3,T4","Transporter",1.11603578279742e-05,1.40159828295108e-07,4.55084035480169e-05
"402","ENSG00000196411.10","EPHB4","T3","T3,T4,T5","Kinase",0.0031971139819139,0.00392670925359923,0.0534394165515425
"403","ENSG00000196277.16","GRM7","T3","T3,T4,T5","GPCR",1.91767737085756e-06,9.70884236462914e-06,0.00118922858764309
"404","ENSG00000092445.12","TYRO3","T3","T3,T4,T5","Kinase",5.04359214733278e-05,1.90611092376793e-06,0.000103586168138894
"405","ENSG00000166825.14","ANPEP","T3","T3,T5","Enzyme",0.00161410934955226,0.0233603666363296,0.159776765865233
"406","ENSG00000117298.16","ECE1","T3","T3,T5","Enzyme",0.000340391535624662,0.00173373803885645,0.000680002176926658
"407","ENSG00000099250.18","NRP1","T3","T3,T5","Other",3.02538642392129e-07,0.000632535415452849,0.0130113955844105
"408","ENSG00000187764.11","SEMA4D","T3","T3,T5","Other",1.7114879121807e-06,6.86224194898013e-08,1.65612083805218e-05
"409","ENSG00000141469.18","SLC14A1","T3","T3,T5","Transporter",0.00356467645779961,0.00493396009822396,0.246112396540201
"410","ENSG00000168003.16","SLC3A2","T3","T3,T5","Transporter",5.0520149830564e-06,4.59928370586087e-06,6.52937899262379e-05
"411","ENSG00000103257.9","SLC7A5","T3","T3,T5","Transporter",0.000157961306008407,7.47887741592609e-05,0.000693811732598188
"412","ENSG00000181409.14","AATK","T4","T4","Kinase",1.8369031619291e-06,1.23647377762028e-06,5.97017594884163e-05
"413","ENSG00000197150.12","ABCB8","T4","T4","Transporter",0.00139641303465818,0.0122109779488867,0.00725452860265732
"414","ENSG00000114770.17","ABCC5","T4","T4","Transporter",0.00138807883321734,0.00284104415244308,0.123558641882832
"415","ENSG00000143322.21","ABL2","T4","T4","Kinase",0.000113456223476481,4.00743200151334e-05,0.000454310038469052
"416","ENSG00000072071.16","ADGRL1","T4","T4","GPCR",0.000145009407631922,9.72376892011748e-05,0.00212947906967469
"417","ENSG00000156110.14","ADK","T4","T4","Kinase",0.000835872538342153,0.00399873566154026,0.0660210365708527
"418","ENSG00000106624.11","AEBP1","T4","T4","Other",9.03750651759726e-06,2.34784081444832e-05,0.000107258398761588
"419","ENSG00000101444.13","AHCY","T4","T4","Enzyme",0.00149915748524661,0.081131891138269,0.293838903937872
"420","ENSG00000187134.14","AKR1C1","T4","T4","Enzyme",0.00998061625840536,0.00413256568938719,0.48005308435679
"421","ENSG00000151632.17","AKR1C2","T4","T4","Enzyme",0.000168040719558239,0.0257756972572443,0.0204902299381469
"422","ENSG00000161618.10","ALDH16A1","T4","T4","Enzyme",0.00278261886972285,0.00367803639314674,0.00525726907817894
"423","ENSG00000165092.13","ALDH1A1","T4","T4","Enzyme",0.00854164939978913,0.013340032117865,0.39016331818437
"424","ENSG00000144908.14","ALDH1L1","T4","T4","Enzyme",1.26636713023933e-05,0.00355104075182223,0.231526054875637
"425","ENSG00000136010.14","ALDH1L2","T4","T4","Enzyme",0.00120245051713401,0.0199410284227416,0.00112340843846376
"426","ENSG00000072210.19","ALDH3A2","T4","T4","Enzyme",0.000645661921471482,0.0033275896596715,0.00699570674168344
"427","ENSG00000159423.17","ALDH4A1","T4","T4","Enzyme",0.0003662130823291,0.276717474490871,0.700548478032583
"428","ENSG00000119711.13","ALDH6A1","T4","T4","Enzyme",2.12422337794836e-08,0.000560038611764598,0.00233252784911201
"429","ENSG00000164904.18","ALDH7A1","T4","T4","Enzyme",0.00151925646940657,0.0107996074236086,0.0278468938125752
"430","ENSG00000136859.10","ANGPTL2","T4","T4","Other",0.00141650721063552,0.00427686128926858,0.0228058461512808
"431","ENSG00000167772.12","ANGPTL4","T4","T4","Other",0.00161832601540311,0.00522969023519634,0.0342084745061082
"432","ENSG00000078061.13","ARAF","T4","T4","Kinase",0.00079863270000458,0.000341544568380157,0.00292094058033885
"433","ENSG00000018625.15","ATP1A2","T4","T4","Transporter",2.14009758354855e-09,3.84503131769363e-06,7.08712064720982e-05
"434","ENSG00000105409.19","ATP1A3","T4","T4","Transporter",4.79139225648887e-10,8.49189476771052e-09,2.18976466995822e-06
"435","ENSG00000174437.17","ATP2A2","T4","T4","Transporter",0.000936656061642948,0.000726821594963956,0.00150686287857083
"436","ENSG00000157087.20","ATP2B2","T4","T4","Transporter",1.12802598121732e-06,3.14982594316656e-07,1.48411644809308e-05
"437","ENSG00000058668.14","ATP2B4","T4","T4","Transporter",0.0003153397804709,0.000278296603688855,0.00875430335985748
"438","ENSG00000129473.10","BCL2L2","T4","T4","Other",7.55020432368393e-06,1.14566759491731e-05,0.000723227712528151
"439","ENSG00000168487.19","BMP1","T4","T4","Other",3.34960714208231e-07,3.81272611458769e-05,0.000671827335745043
"440","ENSG00000160469.17","BRSK1","T4","T4","Kinase",5.68149441176133e-08,1.6377320600946e-09,1.54355613215848e-06
"441","ENSG00000174672.16","BRSK2","T4","T4","Kinase",9.33956653354229e-08,9.47073556339891e-09,1.60467980839891e-06
"442","ENSG00000139178.11","C1RL","T4","T4","Enzyme",0.00349097963013102,0.769377523915887,0.954206398830094
"443","ENSG00000166278.15","C2","T4","T4","Other",0.00857275417516844,0.271578329072572,0.892542428157891
"444","ENSG00000154975.14","CA10","T4","T4","Enzyme",0.000106739021790224,3.34291475168725e-05,0.00107543926741281
"445","ENSG00000063180.9","CA11","T4","T4","Enzyme",0.00878900436237509,0.0684565287348877,0.142677159755535
"446","ENSG00000185015.8","CA13","T4","T4","Enzyme",0.000573553052351886,0.00235945465840052,0.00142742218910619
"447","ENSG00000141837.21","CACNA1A","T4","T4","Ion Channel",9.67286871453541e-07,1.89242528442494e-06,7.44510655771432e-05
"448","ENSG00000084774.14","CAD","T4","T4","Other",4.60712090374146e-06,5.79644598570742e-07,0.000141101565978648
"449","ENSG00000134072.11","CAMK1","T4","T4","Kinase",0.00430290616861078,6.58651993969649e-05,0.00378419157233322
"450","ENSG00000183049.12","CAMK1D","T4","T4","Kinase",6.06373214622576e-08,4.10833889828e-10,2.16463901772873e-07
"451","ENSG00000008118.10","CAMK1G","T4","T4","Kinase",5.3616344248597e-05,1.48622081006896e-05,8.75273204139899e-05
"452","ENSG00000070808.16","CAMK2A","T4","T4","Kinase",1.16828033278188e-08,2.57949540472956e-08,1.3409150356414e-05
"453","ENSG00000058404.20","CAMK2B","T4","T4","Kinase",2.31893837380901e-13,9.26590558510917e-11,7.57529819497238e-07
"454","ENSG00000148660.20","CAMK2G","T4","T4","Kinase",1.43799929648337e-11,3.34534315340196e-11,4.76976181310374e-07
"455","ENSG00000152495.11","CAMK4","T4","T4","Kinase",1.24974008157563e-06,9.91517954947522e-08,9.55281539221157e-06
"456","ENSG00000164076.17","CAMKV","T4","T4","Kinase",2.20335999078007e-06,8.98870135960513e-07,0.000235752676124824
"457","ENSG00000147044.21","CASK","T4","T4","Kinase",0.00890208965284484,0.0467844615281772,0.154383463734814
"458","ENSG00000106144.20","CASP2","T4","T4","Enzyme",3.73674575641908e-05,6.31195839329237e-05,0.00184385017039806
"459","ENSG00000165806.21","CASP7","T4","T4","Enzyme",0.00103115744039459,0.00244889220486139,0.00170123955925016
"460","ENSG00000064012.22","CASP8","T4","T4","Enzyme",0.00378548095195363,0.00994740034293618,0.006316480609851
"461","ENSG00000159228.13","CBR1","T4","T4","Enzyme",0.00647775562665054,0.00152312206285931,0.0497398696794348
"462","ENSG00000143776.18","CDC42BPA","T4","T4","Kinase",3.09049641399151e-05,1.28907870303935e-05,0.000292788635180545
"463","ENSG00000198752.11","CDC42BPB","T4","T4","Kinase",5.13275782804745e-06,4.57166821162824e-06,8.80033607586511e-05
"464","ENSG00000058091.17","CDK14","T4","T4","Kinase",0.000311043115035888,0.000171745322002931,0.000674813977650498
"465","ENSG00000102225.16","CDK16","T4","T4","Kinase",8.33576426259278e-05,0.000182745383449215,0.000304592135218651
"466","ENSG00000059758.8","CDK17","T4","T4","Kinase",0.00486229996122848,0.0341160605544969,0.0096333740779924
"467","ENSG00000117266.15","CDK18","T4","T4","Kinase",1.06871380685818e-05,2.99007497812583e-06,0.00465148528113251
"468","ENSG00000008086.13","CDKL5","T4","T4","Kinase",1.5645710929112e-05,1.13959904755206e-06,6.25438200079907e-05
"469","ENSG00000243649.9","CFB","T4","T4","Other",0.0020600508459722,0.395395107238896,0.889358939898478
"470","ENSG00000122966.16","CIT","T4","T4","Kinase",3.16978875901757e-05,5.35626100971342e-06,0.000172427757871479
"471","ENSG00000109572.14","CLCN3","T4","T4","Ion Channel",0.000129963457805943,0.000363795186913757,0.0044180646021974
"472","ENSG00000073464.12","CLCN4","T4","T4","Ion Channel",8.7146158836196e-05,3.48030553982077e-05,0.000756842915253081
"473","ENSG00000179335.18","CLK3","T4","T4","Kinase",0.00808750579462261,0.0433372385179925,0.237388672709146
"474","ENSG00000109472.14","CPE","T4","T4","Enzyme",6.65634329736838e-05,6.41904468809537e-05,0.0213921278943933
"475","ENSG00000135678.12","CPM","T4","T4","Enzyme",0.00883377092801396,0.0116392773105147,0.459740089650621
"476","ENSG00000110090.13","CPT1A","T4","T4","Enzyme",0.00932237544848599,0.105738133275677,0.987211766135852
"477","ENSG00000088882.8","CPXM1","T4","T4","Enzyme",0.00189959245686401,0.00107323781716188,0.103768935880723
"478","ENSG00000103653.16","CSK","T4","T4","Kinase",7.62841779651995e-05,0.000306408069933236,0.00039798595031072
"479","ENSG00000164733.21","CTSB","T4","T4","Enzyme",0.00126633092202195,0.0492888403472044,0.000488785330775859
"480","ENSG00000117984.14","CTSD","T4","T4","Enzyme",0.00206245736288218,0.0013789708261079,0.250287864779263
"481","ENSG00000174080.11","CTSF","T4","T4","Enzyme",0.000184499553245934,0.000501567683299337,0.594825673445513
"482","ENSG00000119004.16","CYP20A1","T4","T4","Other",0.000110751578267352,9.72480135258539e-05,0.000444682368430091
"483","ENSG00000155016.18","CYP2U1","T4","T4","Other",0.00260754882728041,0.00339070781929228,0.0012186835062151
"484","ENSG00000036530.9","CYP46A1","T4","T4","Enzyme",4.37447204280567e-05,0.00014691147392974,0.0412350804482927
"485","ENSG00000186377.8","CYP4X1","T4","T4","Other",6.82334968738671e-08,5.01250295622495e-08,6.94382350952786e-05
"486","ENSG00000172817.4","CYP7B1","T4","T4","Enzyme",0.00606474168937583,0.00118106035729299,0.0890097079390042
"487","ENSG00000196730.13","DAPK1","T4","T4","Kinase",1.00836591610141e-10,1.94180461243955e-05,0.00128282214286736
"488","ENSG00000133083.14","DCLK1","T4","T4","Kinase",2.60982588016061e-07,0.000179954917095613,0.0363250609275103
"489","ENSG00000167536.14","DHRS13","T4","T4","Enzyme",0.00656647414321011,0.0685430149082835,0.335965182643664
"490","ENSG00000162496.9","DHRS3","T4","T4","Enzyme",0.00835478587323476,0.133672200236985,0.00258742500255038
"491","ENSG00000091140.14","DLD","T4","T4","Enzyme",0.000239966106550963,0.000321324901045231,0.00804048193403015
"492","ENSG00000175497.17","DPP10","T4","T4","Enzyme",4.35468712939455e-06,2.42804773941786e-06,0.000128131167913485
"493","ENSG00000130226.17","DPP6","T4","T4","Enzyme",3.16725753949562e-05,2.92992220153599e-05,0.000299803517539227
"494","ENSG00000108861.9","DUSP3","T4","T4","Enzyme",0.000118683578138777,8.17493561727006e-05,0.00151463270193009
"495","ENSG00000135333.14","EPHA7","T4","T4","Kinase",6.54382456501137e-06,1.03175007800444e-05,0.00100258183429995
"496","ENSG00000106123.12","EPHB6","T4","T4","Kinase",4.32406799311623e-07,5.41450730869537e-07,0.000174927223627297
"497","ENSG00000023318.8","ERP44","T4","T4","Other",0.00394620445032929,0.00356611558007553,0.00866928665599189
"498","ENSG00000164089.9","ETNPPL","T4","T4","Enzyme",1.13925690310803e-05,0.00572781677357439,0.00354845229191335
"499","ENSG00000124491.16","F13A1","T4","T4","Enzyme",0.00571660046600185,0.0862636470037359,0.0273796246764753
"500","ENSG00000085265.11","FCN1","T4","T4","Other",0.00895014036333091,0.0850154124760657,0.242537385529166
"501","ENSG00000160339.16","FCN2","T4","T4","Other",0.000873623735309982,0.304163903800598,0.172680583255274
"502","ENSG00000151422.13","FER","T4","T4","Kinase",0.00058384353096173,0.00237715077898725,0.00744518615255835
"503","ENSG00000182511.12","FES","T4","T4","Kinase",0.00011464947535738,0.00986346453897664,0.00148036715492827
"504","ENSG00000171560.16","FGA","T4","T4","Other",0.00511982697450405,0.251609676629011,0.0134216408942628
"505","ENSG00000141756.19","FKBP10","T4","T4","Enzyme",1.15347964364096e-05,2.00856253346842e-05,0.000166730267743393
"506","ENSG00000106080.11","FKBP14","T4","T4","Enzyme",0.000123280158586255,2.79523461561372e-06,0.000128040551937299
"507","ENSG00000119321.9","FKBP15","T4","T4","Other",4.97731845263445e-07,1.09802451826153e-06,1.71614160711679e-06
"508","ENSG00000119782.14","FKBP1B","T4","T4","Enzyme",0.000151936495161535,2.91291847165991e-05,0.00126654602000578
"509","ENSG00000079150.18","FKBP7","T4","T4","Enzyme",0.000367796742118317,0.00310453357747557,0.0146793216527071
"510","ENSG00000105701.16","FKBP8","T4","T4","Enzyme",3.06944718537799e-06,9.29137319636422e-07,1.49991364398418e-05
"511","ENSG00000122642.11","FKBP9","T4","T4","Enzyme",1.67158767261319e-09,1.68232884935022e-07,9.85263101334682e-07
"512","ENSG00000010810.17","FYN","T4","T4","Kinase",8.27060191367737e-05,0.000689395387773112,0.00104627423136198
"513","ENSG00000136928.7","GABBR2","T4","T4","GPCR",1.6743612879512e-05,1.68471026723637e-05,0.000458899893329984
"514","ENSG00000113327.16","GABRG2","T4","T4","Ion Channel",4.92490689495468e-06,3.48851926892808e-06,0.000119813429834605
"515","ENSG00000135677.11","GNS","T4","T4","Enzyme",3.83196443391619e-05,8.49514990301581e-06,2.59315944151715e-05
"516","ENSG00000170775.3","GPR37","T4","T4","GPCR",0.000712192306689608,0.000585623497052224,0.0359920410129214
"517","ENSG00000167468.17","GPX4","T4","T4","Enzyme",3.12723135598867e-11,2.82051602482163e-10,8.65963354788944e-06
"518","ENSG00000116157.6","GPX7","T4","T4","Enzyme",5.12034338303795e-05,2.47388726959569e-05,0.00236889027825445
"519","ENSG00000120251.20","GRIA2","T4","T4","Ion Channel",0.000118468007564295,5.39808075956551e-05,0.00040000783130784
"520","ENSG00000125675.18","GRIA3","T4","T4","Ion Channel",0.00053756836359018,0.000477518783859703,0.0015823992924542
"521","ENSG00000198055.11","GRK6","T4","T4","Kinase",9.07543866156002e-05,0.000175398952748884,0.00125390122026359
"522","ENSG00000152822.14","GRM1","T4","T4","GPCR",0.00024293649988881,4.90881732304712e-05,0.00612974626982563
"523","ENSG00000164082.15","GRM2","T4","T4","GPCR",5.17493856748319e-06,1.94556529914669e-06,7.08136908835406e-05
"524","ENSG00000124493.14","GRM4","T4","T4","GPCR",0.00103269920248174,0.000429947940109985,0.0404141014009721
"525","ENSG00000164116.16","GUCY1A1","T4","T4","Enzyme",1.05006974449362e-05,1.20449642848214e-06,0.000177942498841986
"526","ENSG00000152402.11","GUCY1A2","T4","T4","Enzyme",0.000747937402511877,0.000214740642398008,0.001400005096502
"527","ENSG00000164588.8","HCN1","T4","T4","Ion Channel",3.8717877069679e-06,5.09004381699302e-07,8.00776468309018e-06
"528","ENSG00000099822.3","HCN2","T4","T4","Ion Channel",1.14190900570364e-14,4.28221110829195e-07,0.00557246717519662
"529","ENSG00000096384.20","HSP90AB1","T4","T4","Other",0.00839769206009264,0.018903252226071,0.555327564066952
"530","ENSG00000104951.16","IL4I1","T4","T4","Enzyme",0.000505862943607814,0.0709833594655852,6.81084325033456e-06
"531","ENSG00000169896.18","ITGAM","T4","T4","Other",0.000166534309035631,0.00136313054217395,0.000393613250530452
"532","ENSG00000082781.12","ITGB5","T4","T4","Other",0.000490970246060659,0.0074863412232709,0.0077857358984775
"533","ENSG00000150995.19","ITPR1","T4","T4","Ion Channel",1.23611112648244e-05,2.82447054031321e-06,5.83858067710113e-05
"534","ENSG00000160145.15","KALRN","T4","T4","Kinase",0.000228154846948061,0.000362108349788412,0.00296909396402369
"535","ENSG00000143473.13","KCNH1","T4","T4","Ion Channel",0.000113796175027251,0.000100850538903788,0.000245366329285709
"536","ENSG00000075043.18","KCNQ2","T4","T4","Ion Channel",2.14249924161744e-08,1.51476625619252e-05,0.000580043339466735
"537","ENSG00000184156.17","KCNQ3","T4","T4","Ion Channel",7.39377648433694e-06,3.32121325901347e-05,0.0025538546490068
"538","ENSG00000185760.15","KCNQ5","T4","T4","Ion Channel",0.000177042873606517,4.4590586206977e-05,0.000328691915112922
"539","ENSG00000167755.15","KLK6","T4","T4","Enzyme",0.000477221220280134,0.00105661164685345,0.00646243689690343
"540","ENSG00000141068.14","KSR1","T4","T4","Kinase",5.2611048461465e-05,0.000169300935935815,0.00109574583912985
"541","ENSG00000171435.14","KSR2","T4","T4","Kinase",2.13874100421024e-06,1.89748233545252e-06,0.000218275832150129
"542","ENSG00000131023.13","LATS1","T4","T4","Kinase",0.00836126441973365,0.0108879562972893,0.271861760058836
"543","ENSG00000129988.6","LBP","T4","T4","Other",5.24082868294385e-06,0.201047865125338,0.2405296400937
"544","ENSG00000142235.11","LMTK3","T4","T4","Kinase",0.00118829690589646,0.00117930978559342,0.00545930828474762
"545","ENSG00000115318.12","LOXL3","T4","T4","Enzyme",1.66487136806631e-05,1.75009934860968e-05,0.000437412440336209
"546","ENSG00000160285.15","LSS","T4","T4","Enzyme",0.000331472256168009,4.90000659622731e-05,2.52715669019157e-05
"547","ENSG00000104774.13","MAN2B1","T4","T4","Enzyme",1.46369805019937e-05,2.28855587391859e-06,0.000143582989065586
"548","ENSG00000034152.19","MAP2K3","T4","T4","Kinase",0.000780963535380717,0.000502383628822742,0.0115169330820791
"549","ENSG00000065559.15","MAP2K4","T4","T4","Kinase",1.06897216842809e-06,2.1482218021745e-08,3.95137135221735e-06
"550","ENSG00000108984.15","MAP2K6","T4","T4","Kinase",0.000240809555236294,0.000256160486357721,0.00489029752734507
"551","ENSG00000076984.17","MAP2K7","T4","T4","Kinase",7.42212577824907e-05,2.37139661149594e-05,7.27231872601393e-05
"552","ENSG00000169967.16","MAP3K2","T4","T4","Kinase",0.00559668457454658,0.00685153890436074,0.00673033816335943
"553","ENSG00000142733.17","MAP3K6","T4","T4","Kinase",0.000571094367307167,0.000631833677387419,0.000859580819214178
"554","ENSG00000168067.12","MAP4K2","T4","T4","Kinase",0.000389634473322584,0.000642598414811916,0.00489323726439074
"555","ENSG00000011566.15","MAP4K3","T4","T4","Kinase",0.000875846309005561,0.00717792423979048,0.0209345214731933
"556","ENSG00000114738.11","MAPKAPK3","T4","T4","Kinase",0.000108327292091086,0.0199303975700329,0.00300319013165508
"557","ENSG00000072518.20","MARK2","T4","T4","Kinase",4.56235942643158e-05,8.90634710242042e-06,8.293447530638e-05
"558","ENSG00000075413.18","MARK3","T4","T4","Kinase",0.000134590801293597,0.00036616344968744,0.000690484676080266
"559","ENSG00000007047.15","MARK4","T4","T4","Kinase",0.000193202620060461,0.000125048090320516,0.00230515558963192
"560","ENSG00000127241.17","MASP1","T4","T4","Enzyme",0.00261303927859223,0.352060691405663,0.316216536278025
"561","ENSG00000105613.10","MAST1","T4","T4","Kinase",5.56348596374268e-06,9.95608363340013e-07,3.52586889419946e-05
"562","ENSG00000099308.10","MAST3","T4","T4","Kinase",7.7177291886364e-06,2.08618776622588e-06,0.000273770631555031
"563","ENSG00000069020.18","MAST4","T4","T4","Kinase",0.000161662470072809,0.00178769770277178,0.00837897545539039
"564","ENSG00000007264.15","MATK","T4","T4","Kinase",0.00337686694872433,0.106234755329292,0.248796150581971
"565","ENSG00000143384.13","MCL1","T4","T4","Other",0.000115354304191222,2.42320257349063e-05,0.000391507210283218
"566","ENSG00000143198.13","MGST3","T4","T4","Enzyme",2.9764492758478e-06,3.97475263573331e-06,4.55527969853046e-05
"567","ENSG00000141503.17","MINK1","T4","T4","Kinase",3.48815943008354e-05,2.89663653644666e-06,0.000450202928818784
"568","ENSG00000038945.15","MSR1","T4","T4","Other",0.000448986123135608,0.00510276934570663,0.000357281239164608
"569","ENSG00000173531.15","MST1","T4","T4","Enzyme",7.0405431323717e-06,0.508784317044704,0.52310798878295
"570","ENSG00000099810.21","MTAP","T4","T4","Enzyme",0.00454212194013454,0.0339626957049541,0.0108666374454547
"571","ENSG00000114670.14","NEK11","T4","T4","Kinase",0.000917698212797315,0.00112480309934649,0.00225015950871544
"572","ENSG00000136098.17","NEK3","T4","T4","Kinase",0.00371439799969223,0.00193807395228323,0.00169631739265004
"573","ENSG00000119408.16","NEK6","T4","T4","Kinase",2.18688725880083e-07,0.000559653844914696,1.22336214723669e-05
"574","ENSG00000160602.14","NEK8","T4","T4","Kinase",0.00118983756008137,0.00181915655993466,0.0298772686024469
"575","ENSG00000119638.13","NEK9","T4","T4","Kinase",8.3210475646246e-05,0.00158226914736635,0.000181488383495497
"576","ENSG00000120798.17","NR2C1","T4","T4","Nuclear Receptor",0.000862358260347582,0.00711595597446895,0.0144696116379202
"577","ENSG00000177463.15","NR2C2","T4","T4","Nuclear Receptor",4.91765328471036e-17,7.28573892357819e-07,0.00752888830326441
"578","ENSG00000175745.14","NR2F1","T4","T4","Nuclear Receptor",0.00207522241158176,0.00843787505774408,0.017399457656474
"579","ENSG00000160113.5","NR2F6","T4","T4","Nuclear Receptor",0.00015756094237707,1.95180977286947e-05,0.0980819421051626
"580","ENSG00000185624.15","P4HB","T4","T4","Enzyme",0.00136666006465165,0.00211169411765393,0.00358182341310906
"581","ENSG00000180370.10","PAK2","T4","T4","Kinase",0.00313007950958376,0.00393927499249632,0.0990467598212724
"582","ENSG00000077264.15","PAK3","T4","T4","Kinase",2.73922158845296e-05,6.03888629676385e-06,0.000306690630661982
"583","ENSG00000101349.16","PAK5","T4","T4","Kinase",8.67567989984123e-05,9.53412863837744e-05,0.00131373424571456
"584","ENSG00000137843.12","PAK6","T4","T4","Kinase",3.10512048369761e-05,0.00248882435207828,0.00161528402278841
"585","ENSG00000145730.20","PAM","T4","T4","Enzyme",0.00061439807294877,0.000154308198901614,0.0072864947648411
"586","ENSG00000115687.14","PASK","T4","T4","Kinase",0.000354700146628686,0.0287900934199086,0.548946678280842
"587","ENSG00000154678.18","PDE1C","T4","T4","Enzyme",0.000467220666387056,0.000237380841531909,0.00916251412303595
"588","ENSG00000113231.14","PDE8B","T4","T4","Enzyme",8.16990120002864e-05,0.000201885786257212,0.00140961467950239
"589","ENSG00000167004.13","PDIA3","T4","T4","Enzyme",0.000351035586402881,0.000159690900935528,0.000220073180865631
"590","ENSG00000143870.13","PDIA6","T4","T4","Enzyme",0.000137569146543989,4.21958850055726e-05,0.000471761449107824
"591","ENSG00000124299.15","PEPD","T4","T4","Enzyme",0.000222974442112406,0.0173757275396407,0.0831266124196335
"592","ENSG00000164219.10","PGGT1B","T4","T4","Enzyme",0.00533203655099196,0.0245837535415123,0.00571205632119189
"593","ENSG00000156873.16","PHKG2","T4","T4","Kinase",0.00235035389864891,0.0456394091341993,0.0868237853517635
"594","ENSG00000123143.13","PKN1","T4","T4","Kinase",1.62845433138952e-05,1.65400869290337e-05,0.000109958799911065
"595","ENSG00000065243.20","PKN2","T4","T4","Kinase",0.000347128942224382,0.000104884835735552,0.00181538874784912
"596","ENSG00000122861.16","PLAU","T4","T4","Enzyme",2.49855067862037e-05,0.000250833469312451,0.00156696320812907
"597","ENSG00000197943.10","PLCG2","T4","T4","Enzyme",0.000532655346561099,0.00198579678668255,0.000742733900731762
"598","ENSG00000100979.15","PLTP","T4","T4","Other",0.00916663674668852,0.135787692656072,0.498299163571601
"599","ENSG00000130822.16","PNCK","T4","T4","Kinase",7.17923071178409e-05,4.82239346304529e-05,0.00773873127596203
"600","ENSG00000128059.8","PPAT","T4","T4","Enzyme",2.94889620786766e-06,0.0033912971858186,0.0626323723683893
"601","ENSG00000162409.11","PRKAA2","T4","T4","Kinase",0.000130076584480257,3.05537457258262e-05,0.00182007606045709
"602","ENSG00000142875.19","PRKACB","T4","T4","Kinase",5.15550188504657e-05,5.23634760561153e-05,0.00046273385582326
"603","ENSG00000163558.13","PRKCI","T4","T4","Kinase",0.00246008473111804,0.00204812506977367,0.00115765546756798
"604","ENSG00000185532.20","PRKG1","T4","T4","Kinase",0.00430209575775822,0.00486976211056783,0.0731043050400531
"605","ENSG00000126231.15","PROZ","T4","T4","Enzyme",0.00353476309336841,0.391218065160973,0.0714236502668644
"606","ENSG00000112739.17","PRPF4B","T4","T4","Kinase",4.83400572986223e-05,1.04771637231089e-05,0.00243453411011275
"607","ENSG00000112655.16","PTK7","T4","T4","Kinase",3.23229051126229e-14,5.58621715966218e-12,1.627328648717e-06
"608","ENSG00000112245.12","PTP4A1","T4","T4","Enzyme",0.00082875463130322,0.00170456808878192,0.000272611695735614
"609","ENSG00000184007.21","PTP4A2","T4","T4","Enzyme",0.00332094958588677,0.00366246267925102,0.0589481839227727
"610","ENSG00000179295.18","PTPN11","T4","T4","Enzyme",0.00421357161599158,0.00763408411695479,0.157882897894995
"611","ENSG00000127947.16","PTPN12","T4","T4","Enzyme",3.03879856441352e-06,8.3753511972335e-07,0.000162017907988016
"612","ENSG00000163629.13","PTPN13","T4","T4","Enzyme",0.000639587614060367,0.0017153721345719,0.00233558140344334
"613","ENSG00000175354.20","PTPN2","T4","T4","Enzyme",0.0026282471130952,0.000566407957076593,0.114541476830725
"614","ENSG00000143851.15","PTPN7","T4","T4","Enzyme",3.0837237022052e-05,6.31302788555434e-05,0.000155255973576469
"615","ENSG00000132670.20","PTPRA","T4","T4","Enzyme",0.00638211033356984,0.0218555583361582,0.0306740497660318
"616","ENSG00000081237.20","PTPRC","T4","T4","Enzyme",0.00337727899606359,0.00510259960482795,0.00197360238141107
"617","ENSG00000054356.14","PTPRN","T4","T4","Enzyme",5.05613195568858e-05,4.12678767230399e-05,0.00976312708363653
"618","ENSG00000105426.17","PTPRS","T4","T4","Enzyme",5.45479573998882e-05,6.61534485674065e-05,0.00213201365807746
"619","ENSG00000130508.11","PXDN","T4","T4","Other",3.55011055232135e-14,1.38589265965015e-05,0.0158402919664043
"620","ENSG00000100504.17","PYGL","T4","T4","Enzyme",2.51032751100864e-07,7.74491375246281e-06,2.69821093330423e-07
"621","ENSG00000068976.14","PYGM","T4","T4","Enzyme",2.63178131184692e-10,2.80385466047725e-09,0.00293788322571975
"622","ENSG00000153201.16","RANBP2","T4","T4","Enzyme",5.0337700151905e-06,5.99237227424288e-07,0.00305498076016815
"623","ENSG00000173039.19","RELA","T4","T4","Transcription Factor",0.000296206957200096,0.000306202211294066,0.00133287378166266
"624","ENSG00000197249.14","SERPINA1","T4","T4","Other",0.00584594779710079,0.443716443536013,0.762927178983086
"625","ENSG00000140093.10","SERPINA10","T4","T4","Enzyme",0.000418056973871963,0.755035634668416,0.747739189190266
"626","ENSG00000196136.18","SERPINA3","T4","T4","Other",0.00335303665869864,0.888500181158258,0.396300994948474
"627","ENSG00000188488.14","SERPINA5","T4","T4","Enzyme",5.3101570259038e-08,0.813488971956438,0.229142623161199
"628","ENSG00000123561.15","SERPINA7","T4","T4","Other",0.00626017189433099,0.146807941974309,0.248059435959247
"629","ENSG00000197632.9","SERPINB2","T4","T4","Other",0.00101036353771489,0.193815482774869,0.363192032937628
"630","ENSG00000124570.21","SERPINB6","T4","T4","Other",0.00012870456425811,0.00248336648383271,0.00168373056746083
"631","ENSG00000166401.15","SERPINB8","T4","T4","Other",5.06191843346132e-05,6.31336222911583e-05,0.000171619318948538
"632","ENSG00000099937.11","SERPIND1","T4","T4","Other",0.000599895788404188,0.202373994658511,0.913767197544784
"633","ENSG00000106366.9","SERPINE1","T4","T4","Other",2.20485293183935e-06,0.000720118705226128,0.00804180012333012
"634","ENSG00000132386.11","SERPINF1","T4","T4","Other",0.00465190556174019,0.0325412615249739,0.470727273298429
"635","ENSG00000167711.13","SERPINF2","T4","T4","Other",0.000372558891787081,0.595121570232277,0.666077504773326
"636","ENSG00000149131.16","SERPING1","T4","T4","Enzyme",0.00283205050305846,0.574307788934275,0.755435909753625
"637","ENSG00000163536.12","SERPINI1","T4","T4","Other",9.36769071125357e-09,2.70196725039874e-08,6.77490733623711e-05
"638","ENSG00000132164.10","SLC6A11","T4","T4","Transporter",0.000215190727990426,0.0146155526881819,0.00968529064205417
"639","ENSG00000197106.7","SLC6A17","T4","T4","Transporter",3.16400650424654e-06,5.20619771408275e-07,0.000176482091832042
"640","ENSG00000065613.15","SLK","T4","T4","Kinase",6.62971976772411e-07,1.10895553520916e-08,3.31974603475816e-06
"641","ENSG00000163788.14","SNRK","T4","T4","Kinase",0.00217244766835282,0.00557648493475698,0.0166521705837934
"642","ENSG00000142168.15","SOD1","T4","T4","Enzyme",9.37304266411744e-05,0.000128057792400139,0.0239086704184415
"643","ENSG00000109610.6","SOD3","T4","T4","Enzyme",0.00581603848859663,0.000122253039397434,0.0361145166571699
"644","ENSG00000180616.9","SSTR2","T4","T4","GPCR",0.00263553501320824,0.00158990401213971,0.00836755152965104
"645","ENSG00000072786.13","STK10","T4","T4","Kinase",0.000101404410351916,0.000238098783481487,7.1402465289681e-05
"646","ENSG00000118046.16","STK11","T4","T4","Kinase",0.00309414800287463,0.00229473391140938,0.0144248284984866
"647","ENSG00000081320.11","STK17B","T4","T4","Kinase",0.0067532886578332,0.130743517032829,0.034982755684163
"648","ENSG00000102572.14","STK24","T4","T4","Kinase",0.000163140103803328,1.84631107569683e-05,0.00948477973808756
"649","ENSG00000104375.17","STK3","T4","T4","Kinase",0.00547942517393693,0.0307444366570716,0.00897043167481353
"650","ENSG00000165752.17","STK32C","T4","T4","Kinase",9.76346465907352e-07,1.84272525404679e-07,7.09244727922955e-05
"651","ENSG00000130413.15","STK33","T4","T4","Kinase",6.36359403470927e-05,0.00144930371918591,0.000600301202833108
"652","ENSG00000112079.9","STK38","T4","T4","Kinase",0.000187601335375783,0.000158421301215985,0.00444616348114368
"653","ENSG00000211455.8","STK38L","T4","T4","Kinase",3.42240668369857e-05,3.05103206275064e-05,0.0144055914123638
"654","ENSG00000198648.11","STK39","T4","T4","Kinase",1.93079501120158e-06,8.34019281960178e-08,4.54597331453952e-05
"655","ENSG00000101109.12","STK4","T4","T4","Kinase",5.18749084407729e-05,3.67352255529829e-05,2.1019548208318e-05
"656","ENSG00000137573.14","SULF1","T4","T4","Enzyme",0.000279153472914521,0.0711909270069641,0.0345034165906924
"657","ENSG00000160551.11","TAOK1","T4","T4","Kinase",0.00983391220224736,0.0202688630382353,0.037369758614699
"658","ENSG00000149930.18","TAOK2","T4","T4","Kinase",0.00283943782382265,0.0019890622347218,0.0042570576565763
"659","ENSG00000135090.14","TAOK3","T4","T4","Kinase",0.00126110191369619,0.00490765357279934,0.0038867680447257
"660","ENSG00000070759.17","TESK2","T4","T4","Kinase",9.64942495937837e-05,0.0015872199831863,0.274990716839674
"661","ENSG00000126351.13","THRA","T4","T4","Nuclear Receptor",0.00194923395283652,0.0217135220564563,0.199447505902639
"662","ENSG00000198586.14","TLK1","T4","T4","Kinase",0.000676621265660869,0.00217074650059763,0.00562048000353618
"663","ENSG00000146872.17","TLK2","T4","T4","Kinase",8.33369380812997e-06,0.000111975333857254,0.217477345561379
"664","ENSG00000041982.16","TNC","T4","T4","Other",2.8341496413192e-05,7.69722653745632e-05,0.000483081905324128
"665","ENSG00000154310.17","TNIK","T4","T4","Kinase",0.00039612752153597,0.000445666868988504,0.0214899753379342
"666","ENSG00000116147.17","TNR","T4","T4","Other",8.50079247027299e-09,2.1106927689227e-06,6.83841395155132e-07
"667","ENSG00000126602.11","TRAP1","T4","T4","Other",0.00143881373042188,0.061887253092792,0.0441942010400882
"668","ENSG00000183785.15","TUBA8","T4","T4","Other",5.28555497789099e-18,2.19817644674548e-12,4.29453772853651e-09
"669","ENSG00000137267.6","TUBB2A","T4","T4","Other",5.03667443684055e-06,4.24281539167676e-06,0.000333267206653427
"670","ENSG00000137285.10","TUBB2B","T4","T4","Other",0.00286135834895961,0.00336704889684412,0.0130901157083837
"671","ENSG00000104833.12","TUBB4A","T4","T4","Other",1.66963651418606e-11,2.91007345462848e-09,1.71314102336662e-05
"672","ENSG00000184470.21","TXNRD2","T4","T4","Enzyme",5.26326859565492e-05,0.000739969879326194,0.0178389855025188
"673","ENSG00000197763.18","TXNRD3","T4","T4","Enzyme",0.00574057533569758,0.00601543769940151,0.00704032894114833
"674","ENSG00000140474.14","ULK3","T4","T4","Kinase",0.00060478403583387,0.000467316812203361,0.00462756773720674
"675","ENSG00000114491.14","UMPS","T4","T4","Enzyme",4.45832792889686e-06,1.01976950215938e-06,0.000148252083370422
"676","ENSG00000123146.20","ADGRE5","T4","T4,T5","GPCR",0.00685979280856798,0.0206100866327465,0.00221760599507664
"677","ENSG00000067842.17","ATP2B3","T4","T4,T5","Transporter",7.18786091877716e-07,1.1282618149345e-07,2.18022807074846e-05
"678","ENSG00000177575.12","CD163","T4","T4,T5","Other",0.00800445588736118,0.0536620126501528,0.00607863309038554
"679","ENSG00000116106.12","EPHA4","T4","T4,T5","Kinase",2.30554496304975e-05,1.40209259022645e-05,0.000159844291166164
"680","ENSG00000145242.13","EPHA5","T4","T4,T5","Kinase",0.00700916010711077,0.00720844337384035,0.0980945711572203
"681","ENSG00000133216.16","EPHB2","T4","T4,T5","Kinase",0.000414264111132162,0.0617614236135204,0.00600018376242432
"682","ENSG00000182580.3","EPHB3","T4","T4,T5","Kinase",0.000763289734960624,0.314209605918448,0.0200471020445793
"683","ENSG00000166206.15","GABRB3","T4","T4,T5","Ion Channel",0.000276803733387413,0.000243718070052672,0.00270160581280687
"684","ENSG00000178015.5","GPR150","T4","T4,T5","GPCR",0.000182240916284983,0.000584070715331512,0.0102791265310185
"685","ENSG00000170075.9","GPR37L1","T4","T4,T5","GPCR",1.04207157776649e-07,1.83806210333062e-06,8.71100183896823e-06
"686","ENSG00000152578.13","GRIA4","T4","T4,T5","Ion Channel",0.000398790675124827,0.000476363420792153,0.00102507327618458
"687","ENSG00000182771.19","GRID1","T4","T4,T5","Ion Channel",1.03338118770522e-05,4.36578474112675e-06,4.93035433298552e-05
"688","ENSG00000171105.14","INSR","T4","T4,T5","Kinase",2.28945945248428e-06,3.03267775478505e-05,7.10336695269933e-05
"689","ENSG00000005884.18","ITGA3","T4","T4,T5","Other",0.000589457123824084,0.00160888948803989,0.000160755783836125
"690","ENSG00000169992.10","NLGN2","T4","T4,T5","Enzyme",0.000135614857870604,0.000103165204854785,0.000455133878833831
"691","ENSG00000149177.13","PTPRJ","T4","T4,T5","Enzyme",0.00629098094414156,0.175382118304162,0.735125702247046
"692","ENSG00000140199.12","SLC12A6","T4","T4,T5","Transporter",1.38177592656239e-05,1.8756448118416e-05,4.87595574374521e-05
"693","ENSG00000113504.21","SLC12A7","T4","T4,T5","Transporter",0.000463377218409485,0.00217811262066134,0.00699839147595252
"694","ENSG00000146828.18","SLC12A9","T4","T4,T5","Transporter",0.0073191090007042,0.000534924827034134,0.0232658926513868
"695","ENSG00000090020.11","SLC9A1","T4","T4,T5","Transporter",1.03243154626617e-05,1.25649023757419e-06,1.72866980023134e-05
"696","ENSG00000187688.15","TRPV2","T4","T4,T5","Ion Channel",0.00193667295150988,0.00364367347724491,0.0312472322371063
"697","ENSG00000148848.14","ADAM12","T5","T5","Enzyme",0.00417730680478865,0.009251704256912,0.0702878570497556
"698","ENSG00000168615.12","ADAM9","T5","T5","Enzyme",5.09685388859195e-06,0.000910567791692037,0.0017140198797715
"699","ENSG00000121753.12","ADGRB2","T5","T5","GPCR",0.000268307027584763,9.06390353321262e-05,0.0046751339612517
"700","ENSG00000205336.13","ADGRG1","T5","T5","GPCR",0.00110277232513566,0.00328878607244518,0.0169210596614261
"701","ENSG00000196581.11","AJAP1","T5","T5","Other",2.29300687371788e-05,6.16938712830785e-05,0.0118803110671088
"702","ENSG00000181754.7","AMIGO1","T5","T5","Other",0.000109712264478623,0.000129399452998371,0.000644725268990136
"703","ENSG00000105290.13","APLP1","T5","T5","Other",4.27565121211075e-06,1.93118494858462e-06,0.000155931093588284
"704","ENSG00000084234.17","APLP2","T5","T5","Other",2.34430114889147e-07,7.73189950563253e-05,2.31886214703846e-05
"705","ENSG00000143153.13","ATP1B1","T5","T5","Transporter",3.82036463570753e-11,4.02387497128543e-10,2.37334702619736e-07
"706","ENSG00000129244.9","ATP1B2","T5","T5","Transporter",1.73166903787575e-07,1.13688958633147e-05,0.000204699571643768
"707","ENSG00000185344.14","ATP6V0A2","T5","T5","Enzyme",0.00351447850767697,0.00297073615979768,0.0868726463862639
"708","ENSG00000138085.17","ATRAID","T5","T5","Other",2.14552925051707e-05,8.41855770447825e-05,0.00392704685166888
"709","ENSG00000142408.5","CACNG8","T5","T5","Ion Channel",1.38427338202902e-06,3.63229858319645e-07,5.77534772928961e-05
"710","ENSG00000182985.17","CADM1","T5","T5","Other",0.000631153385087907,0.000730323925594509,0.00383677030969696
"711","ENSG00000175161.13","CADM2","T5","T5","Other",1.62236300040539e-07,3.04398563349068e-07,6.62456992591247e-06
"712","ENSG00000162706.13","CADM3","T5","T5","Other",6.15213444157188e-10,1.7576754675409e-09,2.20212988171418e-06
"713","ENSG00000091972.18","CD200","T5","T5","Other",1.50131043169252e-08,6.21242097145302e-10,1.83956421695661e-07
"714","ENSG00000196776.16","CD47","T5","T5","Other",1.48309771524104e-07,1.24317607286166e-08,1.1034122744658e-06
"715","ENSG00000010278.14","CD9","T5","T5","Other",0.00062854204539234,0.000482026688635265,0.00420240973574143
"716","ENSG00000040731.10","CDH10","T5","T5","Other",0.000665825572022567,0.000728264273380885,0.0032886411337286
"717","ENSG00000140937.14","CDH11","T5","T5","Other",4.57220204750165e-05,0.054420777875509,0.791385624554717
"718","ENSG00000101542.10","CDH20","T5","T5","Other",0.000199471909327428,0.00099896955441335,0.00692827487174697
"719","ENSG00000179242.16","CDH4","T5","T5","Other",0.0058805378254173,0.274602428494192,0.237535952786195
"720","ENSG00000150394.14","CDH8","T5","T5","Other",0.000438722777972319,0.000501069745026143,0.00295988403822686
"721","ENSG00000113100.10","CDH9","T5","T5","Other",0.00195095778035564,0.000354159293819958,0.0069563989529005
"722","ENSG00000134121.10","CHL1","T5","T5","Other",7.14131310706114e-06,4.74927724453495e-06,5.91045071614083e-05
"723","ENSG00000013297.12","CLDN11","T5","T5","Other",1.95301520978219e-05,3.18243761105357e-05,0.00117759607037313
"724","ENSG00000148842.18","CNNM2","T5","T5","Other",1.67311771655635e-05,8.54552961441206e-06,0.000172624663139435
"725","ENSG00000158158.12","CNNM4","T5","T5","Other",0.0035645696492639,0.00514588598564326,0.0065669499276153
"726","ENSG00000148204.12","CRB2","T5","T5","Other",0.000651958406608121,0.00484989546933382,0.000848623154603027
"727","ENSG00000150938.10","CRIM1","T5","T5","Other",0.00134613095526467,0.00433473975662627,0.131498444392204
"728","ENSG00000173546.7","CSPG4","T5","T5","Other",0.000410217184546473,0.000346480880863372,0.143510628410759
"729","ENSG00000114646.10","CSPG5","T5","T5","Other",0.00272195066089835,0.00853300033210902,0.00717935865151158
"730","ENSG00000134780.10","DAGLA","T5","T5","Enzyme",0.000206906279953471,0.000309134381567437,0.00177518286530934
"731","ENSG00000166341.8","DCHS1","T5","T5","Other",4.761526264737e-07,4.34621002921436e-05,0.027261761694951
"732","ENSG00000187957.8","DNER","T5","T5","Other",0.00494746008980782,0.0108668971419731,0.054631014057589
"733","ENSG00000001561.7","ENPP4","T5","T5","Enzyme",0.000517669882757529,0.000299553899386613,0.0572106725036789
"734","ENSG00000185070.11","FLRT2","T5","T5","Other",0.00579764017641079,3.09014957256341e-05,0.00201335854887426
"735","ENSG00000198835.4","GJC2","T5","T5","Other",0.000242925144204163,0.00164102075281579,0.121531257309668
"736","ENSG00000186417.14","GLDN","T5","T5","Other",0.000421532717256314,0.000895017484462656,0.108429878238353
"737","ENSG00000046653.15","GPM6B","T5","T5","Other",4.57149859651455e-09,8.38819514885535e-09,1.01719637359176e-06
"738","ENSG00000151025.11","GPR158","T5","T5","GPCR",1.15530297482576e-05,5.00052999710368e-06,0.000116827271883436
"739","ENSG00000204525.16","HLA-C","T5","T5","Other",0.00334161752019007,0.00623037227670158,0.00470949084525119
"740","ENSG00000162729.14","IGSF8","T5","T5","Other",1.98122007556607e-10,5.76511210584204e-11,1.09309353700375e-07
"741","ENSG00000136156.15","ITM2B","T5","T5","Other",7.34714081007495e-05,9.06016413283622e-05,0.0514117488453071
"742","ENSG00000101384.12","JAG1","T5","T5","Other",0.000232034234515202,0.00877809485877735,0.115829297921141
"743","ENSG00000166086.13","JAM3","T5","T5","Other",0.000123117529351139,0.000184880394960819,0.00475548749549922
"744","ENSG00000183853.18","KIRREL1","T5","T5","Other",0.000160614390205932,5.42291321021171e-05,0.000104545466909402
"745","ENSG00000198910.14","L1CAM","T5","T5","Other",3.64523349486117e-06,3.04595575711133e-06,0.000229218333950846
"746","ENSG00000167613.16","LAIR1","T5","T5","Other",0.00411572393148743,0.00783054308310779,0.00227609106733513
"747","ENSG00000123384.14","LRP1","T5","T5","Other",0.00033398610377534,0.00403895464821398,0.001250787335295
"748","ENSG00000090674.16","MCOLN1","T5","T5","Ion Channel",0.000964729619588616,0.0104789158866755,0.000686288373688251
"749","ENSG00000145794.17","MEGF10","T5","T5","Other",2.54684205851705e-05,1.44907750562713e-05,0.00611552662824684
"750","ENSG00000271605.6","MILR1","T5","T5","Other",1.21143913047409e-05,0.00334865760099953,0.120642250352661
"751","ENSG00000154654.15","NCAM2","T5","T5","Other",6.47824867923438e-07,1.04634301957774e-06,4.95978145824885e-05
"752","ENSG00000110400.11","NECTIN1","T5","T5","Other",4.62733784603493e-07,7.55020046556732e-08,1.00409097268899e-05
"753","ENSG00000177707.11","NECTIN3","T5","T5","Other",2.10692741430708e-05,0.0001173286532558,0.000500859572848436
"754","ENSG00000067141.17","NEO1","T5","T5","Other",3.06844374363104e-05,2.18002157647199e-05,5.41614180670715e-05
"755","ENSG00000163531.15","NFASC","T5","T5","Other",1.57521036837233e-11,5.9321980986211e-11,7.72780756640863e-08
"756","ENSG00000156642.17","NPTN","T5","T5","Other",2.40047953594586e-05,5.48768874734259e-06,0.000433234655011805
"757","ENSG00000091129.21","NRCAM","T5","T5","Other",0.000753559283443964,0.000610145469211717,0.00328272899861567
"758","ENSG00000110218.9","PANX1","T5","T5","Ion Channel",0.000923844146665895,0.00311232457578618,0.00698683200090503
"759","ENSG00000156453.13","PCDH1","T5","T5","Other",0.000472163991829258,0.000149260147135011,0.00106569411215827
"760","ENSG00000165194.15","PCDH19","T5","T5","Other",0.00238129181543398,0.00273198197383437,0.0113040120284015
"761","ENSG00000169851.15","PCDH7","T5","T5","Other",2.98016734738207e-05,3.34667426043559e-05,0.000151978497029305
"762","ENSG00000184226.15","PCDH9","T5","T5","Other",5.66450578440382e-07,1.2967281743434e-06,4.33849519566616e-05
"763","ENSG00000240184.7","PCDHGC3","T5","T5","Other",0.00306616122699707,0.026070154652863,0.233634971520841
"764","ENSG00000162407.9","PLPP3","T5","T5","Enzyme",3.05095003856643e-09,4.41783257536851e-05,0.00325292510566652
"765","ENSG00000161381.14","PLXDC1","T5","T5","Other",0.00318002957382862,0.308176923293636,0.662302128150427
"766","ENSG00000114554.11","PLXNA1","T5","T5","Other",0.000192120343276296,0.000282338174563835,0.000957740150335897
"767","ENSG00000076356.7","PLXNA2","T5","T5","Other",0.000361153902151544,0.000746457173434799,0.00518933785555744
"768","ENSG00000221866.9","PLXNA4","T5","T5","Other",0.00012295985569215,0.000281754364457403,0.000847558719200915
"769","ENSG00000164050.13","PLXNB1","T5","T5","Other",0.00615982996777352,0.0719682225843601,0.63729873948874
"770","ENSG00000004399.12","PLXND1","T5","T5","Other",0.00160872370740775,0.00459938200311603,0.0187253877572396
"771","ENSG00000128567.17","PODXL","T5","T5","Other",5.3107960046565e-07,2.46427857039944e-06,0.0643110596834647
"772","ENSG00000152894.14","PTPRK","T5","T5","Enzyme",8.83226240201773e-05,6.31128312178755e-05,0.000377012781614263
"773","ENSG00000073008.15","PVR","T5","T5","Other",9.46439341759831e-05,0.0199902215784698,0.00146726651230578
"774","ENSG00000165661.17","QSOX2","T5","T5","Enzyme",0.00585412881629455,0.00854120357229335,0.188418019656041
"775","ENSG00000196189.13","SEMA4A","T5","T5","Other",0.0001079552657296,4.01119729745861e-05,0.00319184725080145
"776","ENSG00000168758.11","SEMA4C","T5","T5","Other",0.000707902665103949,0.00740588089930307,0.00967387113879872
"777","ENSG00000174938.14","SEZ6L2","T5","T5","Other",0.000284305574039024,0.000342287249878788,0.00471760996634542
"778","ENSG00000170624.13","SGCD","T5","T5","Other",0.0001089838440593,0.000899750850400725,0.00341558811112452
"779","ENSG00000127990.19","SGCE","T5","T5","Other",0.00196527362743203,0.0041810514414697,0.000574029208428789
"780","ENSG00000142512.15","SIGLEC10","T5","T5","Other",0.007518184402611,0.00168569836102445,0.00551516614219044
"781","ENSG00000168679.18","SLC16A4","T5","T5","Transporter",0.00620473593849267,0.0192509967939127,0.00819193967838096
"782","ENSG00000118596.12","SLC16A7","T5","T5","Transporter",8.7692477900062e-06,1.6249404244185e-05,0.0001656405839071
"783","ENSG00000092096.17","SLC22A17","T5","T5","Transporter",0.000609863642661257,0.00643515497978001,0.00762534348443649
"784","ENSG00000104635.14","SLC39A14","T5","T5","Transporter",4.51818294494939e-05,0.000400092474566959,0.0118723476597316
"785","ENSG00000114544.16","SLC41A3","T5","T5","Transporter",0.000234323087048491,0.000207527807844089,0.000824662971071678
"786","ENSG00000070214.16","SLC44A1","T5","T5","Transporter",0.000666335667074795,0.00116618593506943,0.016283448777155
"787","ENSG00000033867.16","SLC4A7","T5","T5","Transporter",0.000743228361831913,0.000462674918592889,0.020055658412238
"788","ENSG00000176463.14","SLCO3A1","T5","T5","Transporter",8.83393034256502e-06,0.000610873822481713,0.0473776327640064
"789","ENSG00000134243.12","SORT1","T5","T5","Other",0.000217365983317609,7.99120841397062e-05,0.0130648307578795
"790","ENSG00000138600.10","SPPL2A","T5","T5","Enzyme",0.00834757477402309,0.0013888475493006,0.0342213992785468
"791","ENSG00000145934.16","TENM2","T5","T5","Other",7.22985024097069e-05,5.32540398134794e-05,0.00128637121245057
"792","ENSG00000069702.11","TGFBR3","T5","T5","Other",0.00323293546025465,0.0257755971565914,0.342123906028422
"793","ENSG00000005108.16","THSD7A","T5","T5","Other",0.00833456390198358,0.0231412015628219,0.159228888084274
"794","ENSG00000064115.11","TM7SF3","T5","T5","Other",0.000975597158268891,0.00536935798963159,0.00188961640807177
"795","ENSG00000205084.11","TMEM231","T5","T5","Other",1.38124865569719e-05,0.000432348268393005,0.00574418396596318
"796","ENSG00000166682.13","TMPRSS5","T5","T5","Enzyme",0.00634604747169782,0.0041120407677126,0.0213658291500723
"797","ENSG00000146072.6","TNFRSF21","T5","T5","Other",0.0003436868947419,0.000416397911454328,0.00188064603532291
"798","ENSG00000141540.11","TTYH2","T5","T5","Ion Channel",4.6686396039397e-05,9.06620397803373e-05,0.00362198776145992
"799","ENSG00000136295.15","TTYH3","T5","T5","Ion Channel",0.00999790240674314,0.0189682855680182,0.0258511418815953
"800","ENSG00000113763.12","UNC5A","T5","T5","Other",4.66471972370847e-06,1.82641391201363e-06,0.000443448643238665
"801","ENSG00000156599.11","ZDHHC5","T5","T5","Enzyme",0.000129434454125427,4.15020642083708e-05,4.79637992837362e-05
